name	region	group	inosinate	guanylate	adenylic	glutamate	aspartate	threonine	serine	asparagine	glutamine	proline	glycine	alanine	valine	cysteine	methionine	isoleucine	leucine	tyrosine	phenylalanine	tryptophan	lysine	histidine	arginine	source
Alaska king crab H	Japan	Fishes and Shellfishes				38	20	35	30	109		75	136	128	60		30	44	86	56	60	13	77	21	201	K. Ninomiya (1998) Food Rev.Int.,14(2&3),177-211
Alaska king crab L(F)	Japan	Fishes and Shellfishes				55	3	52	58	204		226	412	180	64		43	54	86	37	49	0	66	29	529	K. Ninomiya (1998) Food Rev.Int.,14(2&3),177-211
Alaska king crab L(M)	Japan	Fishes and Shellfishes				72	10	35	17	255		502	611	186	54		38	31	63	56	54	0	56	31	775	K. Ninomiya (1998) Food Rev.Int.,14(2&3),177-211
Alaska king crab O	Japan	Fishes and Shellfishes				30	5	12	17	34		72	190	72	16		11	14	26	17	19	24	53	14	173	K. Ninomiya (1998) Food Rev.Int.,14(2&3),177-211
Albacore, longline fishing	Japan	Fishes and Shellfishes	140			15.1	1.1	2.1	1.1			14	3.1	18	9.1		5	4.1	9.1	5.1	4		36	679	5.1	Y. Murata  et al. (1994) Fisheries Science 60,473-478
Alpine leak	Japan	Vegetables				24.6	23.5	4.2	17.2			0	4.5	22	12.5	0.6	0	2.9	2.4	1.7	0.8	0	1	0	1.5	M. Kashima et al. (2010) Bulletin of the Food Research Institute, Toyama Prefectural Agricultural, Forestry and Fisheries Research Center 1, 13-22
Amazake	Japan	Beverages				101	64	28	46			28	30	53	44	0	20	31	65	50	37	10	34	13	76	
ancho (chili pepper), dried	Mexico	Vegetables		0		32	137	39	67	587	0	83	14	85	39	0	0	22	33	24	42	5	18	0	31	Umami Information Center
Anchovy	Japan Ehime	Fishes and Shellfishes				9	0	9	9			0	10	48	9	0	5	12	23	10	9		28	386	16	Y. Hiraoka et al. (2011)  Ehime Prefecture Industrial Technology Institute Research Report 49, 19－22
Anchovy, marinated in olive oil	Albania	Fishes and Shellfishes				1440	1440	780	720			430	500	1060	970	40	470	830	1220	440	650	220	1500	820	880	source:Umami Information Center
Anchovy, marinated in olive oil	Italy	Fishes and Shellfishes				630	469	291	273			149	186	448	378	17	240	360	653	137	289	84	610	457	358	Y. Yoshoda (1998) Food Rev. Int. 14(2&3), 213-246
Anglerfish	Japan	Fishes and Shellfishes	4			17	2	23	12			22	63	18	6		2	2	5	3	3		65	5	9	S. Kounosu et al（1974）Bulletin of Japanese Society of Scientific Fisheries, 40, 9, 909-915
Apple juice (red)	Japan	Beverages				3	25	0	2			0	0	1	0	0	0	0	0	0	0	0	0	0	0	
Apple juice (yellow and green)	Japan	Beverages				2.1	23	0	2			0	0	0	0	0	0	0	0	0	0	0	0	0	0	
Apple, Fuji	Japan Toyama	Fruits				1.9	32.4	0.2	0.7			0	0.1	0.2	0.1	0	0	0.3	0	0	0	0	0	0	0	M. Kashima et al. (2010) Bulletin of the Food Research Institute, Toyama Prefectural Agricultural, Forestry and Fisheries Research Center 1, 13-22
Apple, Indian	Japan	Fruits				4.9	12.8	0.4	1.8	18.3				1.3	0.6			0.5								T. Suzuki et al. (1976) Food Research Institute Report, 31, 42-70
Apple, Kokko	Japan	Fruits				3.1	8.1		1.1	33.8	0.5			0.9	0.4			0.2								T. Suzuki et al. (1976) Food Research Institute Report, 31, 42-70
Apple, Mutsu	Japan	Fruits				2.2	2.9	0.2	0.7	11.2	0.5			31.12												T. Suzuki et al. (1976) Food Research Institute Report, 31, 42-70
Apple, Orin	Japan	Fruits				1.5	17.3	0.9	4.2	123.8	1.7		0	3.8	31.12			0.6	0.2	30.12	1.2		30.12		0	T. Suzuki et al. (1976) Food Research Institute Report, 31, 42-70
Aralia sprout, cultured, medium size	Japan	Vegetables				3.8	26.3	6.5	15.6	26.7	28.8	2.2	0.64	6.3	6.8		0.2	5.6	5.1	5.4	12.8		3.5	10.8	8.96	T. Mizuno et al (2012) J. for the Integrated Study of Dietary Habits, 23, 2, 70－76
Aralia sprout, wild	Japan Yamagata	Vegetables				2.16	26.48	32.65	71.53	180.52	107.84	75.36	4.8	19	54.54		02.04	36.5	31.18	17.92	36.56		20.6	55.42	105.28	T. Mizuno et al (2012) J. for the Integrated Study of Dietary Habits, 23, 2, 70－76
Araza	Peru	Fruits				11.1	0	30.12	0	0	2	0	0	1.1	30.12	0	0	30.12	30.12	30.12	30.12	30.12	0	30.12	0	うま味インフォメーション調べ
arrow head	Japan	Vegetables				8.9	8.2	9.9	16.1	266	10	0.8	0.7	2.7	1.6	0	0.5	1.9	1.7	1.1	1.5	5.1	3	4.7	199	Hinako Ito and Hiroshi Ueno
artichoke	Japan	Vegetables				2.2	3.3	3.2	4.3	148	32	4.8	0.2	3.1	3.7	0	0	1.8	0.7	0.5	5	2.7	0.3	3.4	13	Hinako Ito and Hiroshi Ueno
Australian yeast extract	Australia	Seasonings and Spices	0	0		1020	500	410	570	440	0	230	380	1000	630	0	220	510	1000	440	580	110	450	190	590	Umami Information Center
Avocado	Japan	Vegetables				18	4.2	12.1	24.1	30.12	0	15	12	25.1	18.1	1	4	13	22	4.1	8	3	19	7	13	K. Ninomiya Food Rev.Int.,14(2&3),177-211 Natural Occurrence Table 7(1998)
Avocado	Japan	Vegetables				111.2	11.4	2.6	21.1	15.6	83.8		1	21.9	3.9			0.6	1	7.6	0.8		0.8			T. Suzuki et al. (1976) Food Research Institute Report, 31, 42-70
ayu fish sauce	Japan	Seasonings and Spices				277	399	24.6	283			112	180	272	464	49	107	573		28.09	290		378	56	522	Ole G. Mouritsen, Lars Duelund, Ghislaine Calleja, et al. Ile=Ile+Leu
Bacalau, dried Cod with salt	Brazil	Fishes and Shellfishes				10.67	5.83	11.9	8.81				33.86	21.47	14.14		3.44	8.31	6.86	12.04	8.24		2.88		25.78	source:Umami Information Center
Balsamic vinegar	Italy	Seasonings and Spices				0	0	0	0			96	0	8	0	0	0	0	0	0	0	0	0	0	4	source:Umami Information Center
Bamboo shoots	Japan	Vegetables				14	12	4	11	16	12	6	2	4	6	0	2	6	8	415	12	18	6	12	6	K. Ninomiya (1998) Food Rev.Int.,14(2&3),177-211
Bamboo shoots, Mosochiku, 10 days after harvest preserved in the dark at 1℃	Japan Hyogo	Vegetables				70	54	65					4	31	55		14	29	35	973	7		8	14	10	E. KozukueJournal of Japanese Society of Nutrition and Food Science49－53
Bamboo shoots, Mosochiku, 2hours after harvest	Japan Hyogo	Vegetables				87	67	200					2	29	58		16	34	41	931	12		7	17	14	E. KozukueJournal of Japanese Society of Nutrition and Food Science49－53
barbecue sauce (Sweet Baby Ray's) Sweet 'n spicy	USA	Seasonings and Spices	0	0		149	73	8	9	37	0	4	2	25	3	0	0	4	4	3	11	0	6	4	8	
Barbecue sauce (Sweet Baby Ray's)Honey Barbecue sauce	USA	Seasonings and Spices	0	0		25.6	1.4	8	8	44	0	4	2	28	3	0	0	6	4	1.1	10.1	30.12	6	5	7.1	
Barley, fiber snow, polished	Japan Toyama	Cereals				1.3	3.2	0.4	0.5			0	0.9	1.1	31.12	0	0.2	0.5	1	1.3	1.5	11.6	0.8	0.4	1.1	M. Kashima et al. (2010) Bulletin of the Food Research Institute, Toyama Prefectural Agricultural, Forestry and Fisheries Research Center 1, 13-22
Barley, fiber snow, unpolished	Japan Toyama	Cereals				2.2	2.1	0.6	0.9			0.9	2	8.1	1.5	0	0	0.6	0.9	1.6	2.1	21.2	1	0.8	2	M. Kashima et al. (2010) Bulletin of the Food Research Institute, Toyama Prefectural Agricultural, Forestry and Fisheries Research Center 1, 13-22
basil	Japan	Vegetables				10	3.8	2.5	1.5	6.4	26	0.6	0.4	1.6	1.8	0	0	1.2	0.6	1.1	2.5	0.4	0	0.3	1	Hinako Ito and Hiroshi Ueno
Beef extract	UK	Seasonings and Spices	80	80		280	210	140	220			190	150	390	220	0	90	170	360	170	230	50	170	80	250	Umami Information Center
Beef loin	Japan Tokyo	Meats	0			11	0	6	8	3	31	3	7	28	7	0	5	5	10	05.01	6.1	1	9	3.1	9	うま味インフォメーション調べ
Beef, 12 days after slaughter, under refregeration	Japan	Meats	79.61			9.71	1.1	6.91	9.77	4.49	58.17	4.14	11.41	38.13	8.79	1.44	5.82	6.82	12.46	07.07	7.1		11.26	5.12	9.23	K. Ninomiya (1998) Food Rev.Int.,14(2&3),177-211
Beef, 4 days after slaughter, under refregeration	Japan	Meats	90.2			06.03	1.2	4.1	6.83	03.04	61.82	3.91	10.36	31.98	5.74	0.72	2.83	4.33	7.48	4.17	4.13		8.77	3.72	7.49	K. Ninomiya (1998) Food Rev.Int.,14(2&3),177-211
Belgian shallot	Japan	Vegetables				14	4.1	4.8	2.3	17	116	1.7	0.6	0.5	1.8	0	0.7	0.9	3.2	9.1	3.7	9.7	3.9	8.1	71	Hinako Ito and Hiroshi Ueno
Bitter melon	Japan	Vegetables				0.7	1.6	6.2	2.1	5	44	1.1	0.4	0.7	3	0	0	1.8	1.8	3.4	4.5	0	2.6	5.4	28	Hinako Ito and Hiroshi Ueno
Black scraper fish	Japan Ehime	Fishes and Shellfishes				18	2	5	5			5	94	30	5	0	2	3	5	3	3		8	2	6	Y. Hiraoka et al. (2011)  Ehime Prefecture Industrial Technology Institute Research Report 49, 19－22
Black tiger shrimp, frozen	Taiwan	Fishes and Shellfishes				34	3	29	46	40	156	455	618	144	39	3	18	18	34	19	14	11	39	17	406	K. Takada et al. (1988) Nippon Suisan Gakkaishi 54, 12, 2173-2179
Black Truffle	France	Mushrooms	0	7		77	4	33	172	20	318	21	26	381	136	0	0	123	9	1	6	0	54	26	86	Umami Information Center
Blue crab Leg meat female	Japan	Fishes and Shellfishes				47	19	36	37	133		192	454	175	59		44	36	76	28	27	9	52	33	386	K. Ninomiya (1998) Food Rev.Int.,14(2&3),177-211
Blue crab Leg meat male	Japan	Fishes and Shellfishes				11.2	14.1	23.1	23	26.5		251	444	23.5	16.2		49	28.1	27.2	22.1	19.1	5.1	44	23	24.11	K. Ninomiya (1998) Food Rev.Int.,14(2&3),177-211
blue daikon	Japan	Vegetables				2.6	2.4	4.7	6	7.9	66	4.2	0.6	2.3	6.1	0	0	3.8	2.7	1.5	2.2	2.4	0.5	3	2.5	Hinako Ito and Hiroshi Ueno
bouillon	France	Seasonings and Spices				3.89	1.99	0.52	31.12			1.4	0.88	1.46	0.59		0.13	0.27	0.57	0.15	0.7		0.49	0.17	1.31	
brackish water clam	Japan	Fishes and Shellfishes				29.1	3.4	6.5	11.9	0	6.1	15.4	34.9	88.1	7.5	0	2.2	4.6	5.8	10.3	2.9	30.12	8.9	4.9	16.7	
brackish water clam	Japan	Fishes and Shellfishes				34.2	3.9	9.2	12.5	0	9.1	14.2	18.2	115.1	8.6	0.7	2.7	5.3	7.4	7.7	3.4	1.5	12.7	7.4	11.5	
British yeast extract	UK	Seasonings and Spices	0	0		1110	730	510	820	530	0	730	500	1480	840	0	350	680	1430	670	880	210	580	290	890	Umami Information Center
Broccoli, flower buds	Japan	Vegetables				83	17	13	63			149	3	57	20	0	1	10	13	5	7	2	12	23	27	source:Umami Information Center
Broccoli, stem	Japan	Vegetables				40	15	6	26			11	3	54	11		0	3	2	2	1		3	2	2	Source:Umami Information Center
Broccoli, whole	Japan	Vegetables				29.1	20.1	28.1	29.1	0	0	6.11	12.1	4.3	16.2	1	1.1	26	23.1	11.1	14.1	2	23	4.2	3.5	K. Ninomiya (1998) Food Rev.Int.,14(2&3),177-211
Brown rice vinegar	Japan	Seasonings and Spices				8.3	8.3	5.3	6.2			5.6	6.2	9.9	8.2		1.3	6	9.7	7.1	5.7		10	3.2	13.7	Y. Tamura et al (2004) J. Brew.Soc. Japan 99, 3, 202－207
Brown rice, Koshihikari	Japan Toyama	Cereals				10.9	4.7	0.5	2			0	0.4	2.4	0.4	0	0.3	0.1	0.2	0.5	0.1	1.6	0.1	0.2	1.3	M. Kashima et al. (2010) Bulletin of the Food Research Institute, Toyama Prefectural Agricultural, Forestry and Fisheries Research Center 1, 13-22
Brown rice, Koshihikari	Japan	Cereals				20.1	16.68	01.04	3.64				1.14	4.86	1.14			1.24		1.8	1.42		0.74	0	0	K. Saegusa et. al (1993)Japanese Journal of Crop Science 62, No. Supplement 1, 286-287
Brussel sprouts	Japan	Vegetables				2.6	17	7.1	22	32	253	491	3.7	12	18	0	0.5	8.9	4.4	2.9	7.9	6.4	1.8	20	63	Hinako Ito and Hiroshi Ueno
Butterfish	Japan Ehime	Fishes and Shellfishes	160			16	1	5	9	0	0	4	10	17	5	0	4	4	7	3	2	0	8	1	2	source:Umami Information Center
Cacao nibs	France	Nuts and Seeds				14.2	24	22.1	27			33	10	63	20.2	0	6	1.2	6.4	44	16.3	6.1	39	6.1	15.2	Umami Information Center
carrot	Japan	Vegetables				3.9	23	6.9	7	14	40	13	0.5	15	9.2	0	0	4.9	1.8	8	5.4	2.5	0	3.5	4.7	Hinako Ito and Hiroshi Ueno
Carrot	Japan	Vegetables				19	13	4	10	0	0	4	0	39	7	0	1	5	3	2	4	1	2	2	5	K. Ninomiya (1998) Food Rev.Int.,14(2&3),177-211
Cauliflower, whole	Japan	Vegetables				46	33	39	68	0	0	163	18	174	84	0	5	51	53	32	37	13	38	31	92	K. Ninomiya (1998) Food Rev.Int.,14(2&3),177-211
Caviar	Russia	Fishes and Shellfishes				22.3	30.12	1.2	4.2	0	30	36	18	4.3	26.2	0	40	12.3	29.4	30.12	62	22	19.3	17	8	Japan Umami Seasoning Association
Celery	Japan	Vegetables				18.9	13.1	5.2	7.6	73.8	58.2	0	0.6	3.6	8.8			4.6	4.5	3.9	5		2.3	0.6	0	T. Suzuki et al. (1976) Food Research Institute Report, 31, 42-70
Champignon mushroom, fresh	Japan	Mushrooms	0	0		42	11	25	19			16	16	146	22.1	17	5	19.01	35	12	29.01	19	18.01	21	7	K. Ninomiya (1998) Food Rev.Int.,14(2&3),177-211
Charqui, dried Alpaca meat	Peru	Meats				105.18	5.98	10.17	11.94		7.88		14.55	54.3	11.8			09.01	17.38	9.48	08.05		20.05	4.67	12.46	source:Umami Information Center
Cheddar cheese aged 1 year	USA	Milks				173	17	14	14	71	0	17	16	18	52	0	21	8	142	26	85	9	49	12	57	
Cheddar cheese aged 10 years	USA	Milks				718	93	110	143	174		36	57	112	152	0	178	86	526	130	236	46	368	80	269	
Cheddar cheese aged 3 years	USA	Milks				258	23	29	28	93	0	18	21	26	67	0	42	17	193	40	118	18	83	20	97	
Cheese Brie de Meaux	France	Milks				292	30	13	3	0	55	118	40	86	114	0	47	87	192	73	115	20	17	59	15	Umami Information Center
Cheese, Cabrales	Spain	Milks				760.48	288	303.95	79.05	55.76			104.18	189.36	450.4		269.63	412.41	752.52	333.98	440.6	65.75	763.55	140.33	28.19	K. Ninomiya (1998) Food Rev.Int.,14(2&3),177-211
Cheese, Cheddar, aged for 0 months	UK	Milks				10.5	3.27					06.09	0.23	2.16	1.65		0.34	0.23	2.32	3.81	2.69		11.61	2.68	0.43	K. Ninomiya (1998) Food Rev.Int.,14(2&3),177-211
Cheese, Cheddar, aged for 0days	Japan	Milks				39	3	4	4			13	31.12	7	21		03.01	06.01	44	15	26		16	02.01	9	Y. Okazaki（2002） J. Rakuno Gakuen Univ. 27,1,1-41
Cheese, Cheddar, aged for 1 months	UK	Milks				21.86	5.77					7.37	01.06	4.63	4.84		03.01	01.05	12.98	5.53	9.71		20.54	03.03	0.94	K. Ninomiya (1998) Food Rev.Int.,14(2&3),177-211
Cheese, Cheddar, aged for 120 days	Japan	Milks				175	19	32	48			24.02	23	48	156		11.2	44	343	92	10.7		105	13	29	Y. Okazaki（2002） J. Rakuno Gakuen Univ. 27,1,1-41
Cheese, Cheddar, aged for 2 months	UK	Milks				35.59	8.79					09.02	1.92	6.73	10.44		9.4	2.69	29.22	7.54	20.9		35.03	3.39	2.33	K. Ninomiya (1998) Food Rev.Int.,14(2&3),177-211
Cheese, Cheddar, aged for 3 months	UK	Milks				54.13	13.83					14.27	4.25	9.7	19.65		12.87	4.34	52.31	11.7	34.63		65.88	5.64	7.67	K. Ninomiya (1998) Food Rev.Int.,14(2&3),177-211
Cheese, Cheddar, aged for 30 days	Japan	Milks				82	5	9	10			18	6	15	56		9	10	125	22.1	87		28	4	19	Y. Okazaki（2002） J. Rakuno Gakuen Univ. 27,1,1-41
Cheese, Cheddar, aged for 4 months	UK	Milks				77.81	16.56					13.63	4.85	12.66	23.73		13.95	7.14	77.4	15.7	48.03		67.15	4.61	10.26	K. Ninomiya (1998) Food Rev.Int.,14(2&3),177-211
Cheese, Cheddar, aged for 5 months	UK	Milks				111.65	26.7					34.12	10.5	17.02	42.1		20.43	12.36	109.97	26.24	64.18		111.38	11.98	17.31	K. Ninomiya (1998) Food Rev.Int.,14(2&3),177-211
Cheese, Cheddar, aged for 6 months	UK	Milks				121.08	31.38					29.02	12	21	51.7		24.35	18.46	128.91	29.56	75.53		114.25	12.54	18.07	K. Ninomiya (1998) Food Rev.Int.,14(2&3),177-211
Cheese, Cheddar, aged for 60 days	Japan	Milks				52	8	12	19			26	7	24	69		16	17	151	38	100		43	04.01	28.01	Y. Okazaki（2002） J. Rakuno Gakuen Univ. 27,1,1-41
Cheese, Cheddar, aged for 7 months	UK	Milks				160.41	35.21					22.77	14.41	25.72	58.6		28	16.71	170.03	35.8	91.83		138.92	12.02	26.09	K. Ninomiya (1998) Food Rev.Int.,14(2&3),177-211
Cheese, Cheddar, aged for 8 months	UK	Milks				182.23	42.77					33.94	18.98	29.01	74.16		33.97	23.82	195.94	45.55	104.22		155.37	20.28	41.09	K. Ninomiya (1998) Food Rev.Int.,14(2&3),177-211
Cheese, Cheddar, aged for 90 days	Japan	Milks				168	15	22	32			46	19	35	152		31	32	305	63	192		78	10	17	Y. Okazaki（2002） J. Rakuno Gakuen Univ. 27,1,1-41
Cheese, Comte de Montagne aged for 18 months	France	Milks				1570	248	165	245	230		606	160	174	509	0	169	445	640	210	363	25	813	190	39	Umami Information Center
Cheese, Comte de Montagne aged for 8 months	France	Milks				539	29	79	67	125	61	221	60	81	197	0	67	107	329	84	171	10	303	63	36	Umami Information Center
Cheese, Crystalline part of Parmigiano reggiano, aged for 48 months	Italy	Milks				1860	490	330	670			970	260	380	2570	0	2480	5570	8710	750	1570	50	1170	250	360	Umami Information Center
Cheese, Emmental	Swetzerland	Milks				307.52	9.85	73.62	43.19			160.03	30.33	49	131.21		43.12	58.9	209.87	47.65	103.41	9.39	203.2	29.79		K. Ninomiya (1998) Food Rev.Int.,14(2&3),177-211
Cheese, Époisses	France France	Milks				157	9	27	7	6	20	112	24	78	73	0	35	40	104	69	77	23	51	34	5	Umami Information Center
Cheese, Ferme d' Ambert	France	Milks				330	106	73	76	0	87	169	42	93	161	0	80	116	295	150	148	24	323	110	95	Umami Information Center
Cheese, Ferme d' Ambert aged for 3 months	France	Milks				614	276	146	108	0	170	396	79	167	388	0	166	250	564	282	281	47	587	172	208	Umami Information Center
Cheese, Feta	Egypt	Milks				4	0	0	0	0	0	0	0	0	0	0	0	0	0	0	0	0	0	0	0	source:Umami Information Center
Cheese, Ghoda, aged for 0 days	Japan	Milks				43	4	6	7			23	3	12	27		6	13	52	25	29		26	5	12	Y. Okazaki（2002） J. Rakuno Gakuen Univ. 27,1,1-41
Cheese, Gouda, aged for 1 month	Japan	Milks				124	7	15	17			28	10	21	61		14	22	157	40	91		45	7	16	Y. Okazaki（2002） J. Rakuno Gakuen Univ. 27,1,1-41
Cheese, Gouda, aged for 2 months	Japan	Milks				215	13	26	31			52	20	35	132		29	41	279	72	149		83	12	15	Y. Okazaki（2002） J. Rakuno Gakuen Univ. 27,1,1-41
Cheese, Gouda, aged for 3 months	Japan	Milks				276	17	37	44			69	30	44	172		43	56	344	99	179		118	17	22	Y. Okazaki（2002） J. Rakuno Gakuen Univ. 27,1,1-41
Cheese, Gouda, aged for 4 months	Japan	Milks				295	18	40	16.02			81	32	47	193		47	63	369	111	192		129	19	21	Y. Okazaki（2002） J. Rakuno Gakuen Univ. 27,1,1-41
Cheese, Kashkaval, aged for 0 months	Egypt	Milks				8.94	3.25	1.76	01.01			3.48	1.39	3.53	6.48		3.27	3.76	8.19	4.21	7.17		2.92	0	30.12	K. Ninomiya (1998) Food Rev.Int.,14(2&3),177-211
Cheese, Kashkaval, aged for 2 months	Egypt	Milks				26.4	3.68	4.93	2.73			9.16	03.07	6.53	9.92		4.54	6.36	13.2	8.15	16.2		5.91	1.79	2.12	K. Ninomiya (1998) Food Rev.Int.,14(2&3),177-211
Cheese, Kashkaval, aged for 4 months	Egypt	Milks				48.1	18.25	10.94	4.17			17.37	6.77	19.11	10.43		6.65	8.15	26	13.09	29.5		12.61	6.22	08.03	K. Ninomiya (1998) Food Rev.Int.,14(2&3),177-211
Cheese, Mozzarella	Italy	Milks				0.75	0.07	0.28	0.2		0.13		0.25	0.61	0.26	0.83		0.13	0.16	0.09	0.06		0.23	0	0.27	Masako Yamada et.al.(2003)Journal of Cookery Science of Japan 36,2,108-115
Cheese, Mozzarella	Italy	Milks				0	0	0	0	0	0	2	0	0	0	0	0	0	0	0	0	0	0	0	0	Umami Information Center
Cheese, Mozzarella, heated at 200℃ for 10min	Italy	Milks				0.72	0.06	0.26	0.16		0.11		0.19	0.57	0.24	0.78		0.12	0.12	0.08	0.05		0.5	0.05	0.13	Masako Yamada et.al.(2003)Journal of Cookery Science of Japan 36,2,108-115
Cheese, Parmigiano reggiano, aged for 24 months	Italy	Milks				1680	414	212	561			884	297	253	671		212	535	695	240	435		1130	236	2	K. Ninomiya (1998) Food Rev.Int.,14(2&3),177-211
Cheese, Parmigiano reggiano, aged for 48 months	Italy	Milks				2220	580	360	790			1160	310	320	850	0	300	750	980	250	550	50	1410	300	430	Umami Information Center
Cheese, Queso Manchego, aged for 9 months	Spain	Milks				295	49	31	48	130	57	130	20	70	187	0	66	83	272	69	150	5	177	33	2	Umami Information Center
Cheese, Roquefort	France	Milks				471	107	79	85	92	121	169	40	180	281	0	128	197	424	195	202	32	420	135	85	Umami Information Center
Cheese, Sainte-Maure de Touraine	France	Milks				60	19	20	16.1	4.1	74	23.2	9	28.1	28	0	16	15.1	26.2	11.1	28.1	9.1	14.1	26.1	10.1	Umami Information Center
Cherry tomato	Japan	Vegetables				18.4	29.1	3.1	7.5	8.7	66	3.4	0.8	6.3	0.7	0	0	1.5	2.4	3.1	8.7	1.4	2.2	4.8	5.5	Hinako Ito and Hiroshi Ueno
Chervil	Japan	Vegetables				1.8	2.7	4.9	7.1	25	42	5.8	0.3	3.6	7.3	0	0.8	5.2	3.2	3.3	7.7	3	2.3	1.5	3.1	Hinako Ito and Hiroshi Ueno
Chestnut, Kunimi	Japan	Nuts and Seeds				98.1		14.1		56.8				28.4											17.8	Ehime-ken industrial technologies center report
Chestnut, Tsukuba	Japan	Nuts and Seeds				89.8		13.3		44				46.4											56.8	Ehime-ken industrial technologies center report
Chicory	Japan	Vegetables				0.9	1	2.3	6	20	163	5.5	0.4	1.9	1.6	0	0	2	0.5	2	2	2	0.1	1.5	8.4	Hinako Ito and Hiroshi Ueno
Chili paste	Japan	Seasonings and Spices				77	76	35	48		0	55	28	53	51	0	14	37	67	45	47	0	49	17	85	
Chili sauce	USA	Seasonings and Spices	0	0		4.3	61	28.1	6.2	9.6	0	27	13.1	30.1	33	0	13	24	48	23	35	10	37	11	22.4	Umami Information Center
Chinese cabbage	Japan	Vegetables				2.3	0.8	1.4	5.1	6.1	107	0.6	1.2	5.8	0.8	0	0	0.7	0.3	0	0.3	0	0.2	0.4	1.3	Hinako Ito and Hiroshi Ueno
Chinese cabbage, center part	Japan	Vegetables				27	9	6	18	0	0	12	4	43	5	0	0	3	2	0	1	0	2	3	8	K. Ninomiya (1998) Food Rev.Int.,14(2&3),177-211
Chinese cabbage, outer part	Japan	Vegetables				50	11	9	24	0	0	17	3	46	10	0	0	7	4	3	4	2	5	6	34	K. Ninomiya (1998) Food Rev.Int.,14(2&3),177-211
Chinese cabbage, whole	Japan	Vegetables				94	12	3	14	55	29.8	29	2	59	9	30.12	31.12	4	1	1	3	0	1	5	26	K. Ninomiya (1998) Food Rev.Int.,14(2&3),177-211
Chinese feremented black beans	China Beijing	Seasonings and Spices				990.2	514.6	237.3	297.7	48.1	15.2		131.7	390.6	377.8	3.9	31.8	389.7	656.9	248.7	367.9		484.4	95.1	575.9	T. Sumino (2014) J. of Cookery Science of Japan 47, 3, 183-186
Chingen tsuai, leaf part	Japan	Vegetables				18	22	24	31	0	0	18	2	29	26	0	1	10	4	9	16	10	12	14	64	K. Ninomiya (1998) Food Rev.Int.,14(2&3),177-211
Chingen tsuai, stalk part	Japan	Vegetables				13.1	11	9.1	16.1	30.12	0	6.1	3	31.1	7.1	0	0	7	2	31.12	6.1	31.12	3	3.1	8.1	K. Ninomiya (1998) Food Rev.Int.,14(2&3),177-211
Chingen tusai	Japan	Vegetables				1.8	2	4.4	6.4	7.2	35	1.8	0.3	1.1	4.2	0	0	2	1	2.6	4.5	2.1	0.8	2.4	9.8	Hinako Ito and Hiroshi Ueno
coconut milk	Thailand	Nuts and Seeds				22	4.1	5	11	3	0	8	2	19	3	30.12	1	2	2	31.12	30.12	1	4.1	0	14	Source:Umami Information Center
Coffee Bean Brazil Roasted	Brazil	Beverages				0	2.8	0.4	0.8			0	0	0	0.7	4.5	30.12	0.8	0	3.8	1.4		6.9	0	0	N. Sekiguti et.al (1994)Nippon Nogei kagaku Kaishi, 68,4, 821-827
Coffee Bean Columbia Roasted	Columbia	Beverages				0.7	2.7	0.4	1.4			0	0.5	0	1.4	1.5	1.3	0	0	2.7	1.8		0	0	0	
Coffee Bean Mandarin Roasted	Indonesia	Beverages				0	2.6	0	0.7			0	0	0	1.5	1.5	0	0.7	0	3.2	1.7		0	0	0	
Coffee Bean Moca Roasted	Ethiopia	Beverages				0.4	2.4	30.12	0.8			0	30.12	0	30.12	4.3	30.12	30.12	30.12	1.3	30.12		30.12	30.12	30.12	
Coffee beans, Brazil, green beans	Brazil	Beverages				95.1	69	6.8	37.5			0	8.2	49.1	12.4	4.2	3.9	10.4	8.4	11.8	22.9		7.8	2.2	11.1	N. Sekiguti et.al (1994)Nippon Nogei kagaku Kaishi, 68,4, 821-827
Coffee beans, Kilimanjaro, green beans	Tanzania	Beverages				92.3	34.5	6.8	25.3			0	5.3	29.7	12.1	4.5	3.9	10	8.2	11.1	17.3		7.5	2.7	3.9	N. Sekiguti et.al (1994)Nippon Nogei kagaku Kaishi, 68,4, 821-827
Coffee beans, Kilimanjaro, roasted	Tanzania	Beverages				0.6	3.2	30.12	31.12			0	30.12	0	1.7	1.5	1.2	30.12	0	3.1	1.1		0	30.12	30.12	N. Sekiguti et.al (1994)Nippon Nogei kagaku Kaishi, 68,4, 821-827
Coffee Been Columbia	Columbia	Beverages				93.8	49.8	4.9	19.8			0	4.7	33.5	13.1	4.3	3.9	11.3	8.1	13.9	15.1		30.12	2.5	4.2	
Coffee Been Manderin	Indonesia	Beverages				62.8	40.6	6.1	17.3			0	6.2	34.9	11.4	4.6	2.1	9.7	6.2	10.6	10.6		5.4	2.2	3.2	
Coffee Been Moca	Ethiopia	Beverages				83.7	59.7	6.4	22.1			0	6.2	34.8	12.5	3.7	4.1	11.4	7.9	12.6	21.9		7.4	2.3	14.6	
Concentrated extrac, Petisikan	Indonesia	Seasonings and Spices				569	298	288	232			247	253	775	525	157	320	419	794	437	673		627	1430	429	Y. Yoshida (1998) Food Rev. Int.,14(2&3),213-246
Concentrated extract katsuo senji, traditional method	Japan	Seasonings and Spices				158	134	114	136			234	139	349	225	0	122	124	224	198	319		289	4850	149	Y. Yoshida (1998) Food Rev. Int.,14(2&3),213-246
Concentrated extract Rihakuru	Maldives	Seasonings and Spices				165	61	92	77			0	105	313	140	0	60	76	157	152	241		240	5810	115	Y. Yoshida (1998) Food Rev. Int.,14(2&3),213-246
Concentrated Extract UK	UK	Seasonings and Spices				498	529	303	397			358	332	662	530	0	187	342	510	288	434	0	727	184	234	Y. Yoshida (1998) Food Rev. Int.,14(2&3),213-246
Concentrated extract/petis udan	Indonesia	Seasonings and Spices				18.11	16.3	70	45			245	1310	9.12	295	148	19.5	225	460	24.9	368		20.4	16.9	1.4	Y. Yoshida (1998) Food Rev. Int.,14(2&3),213-246
Coriander	Japan	Vegetables				1.6	3.1	10.1	15.1	54	8.2	14	0.5	3.9	12.1	0	1.7	9.1	9.1	9.5	15.1	13	2.1	3.8	6.6	Hinako Ito and Hiroshi Ueno
Corn, Canberra90	Japan Ibaragi	Vegetables				109.1	13.7	9.6	21.3		12.4	24	6	111.4	14.5		2	3.3	4.3	11.1	4.2		13.9	3.1	4.9	
Corn, dried	Egypt	Cereals				10	9.1	1	2	24	0	15.1	2.1	9	1.1	0	30.12	30.12	30.12	2.1	30.12	4	1.1	1.1	3.1	
Corn, Honey-bantam	Japan Ibaragi	Vegetables				71.6	11.4	8.1	14.1		16	26.3	5.6	81.2	11.2		3.2	4.3	5.2	12.2	3.7		16.1	3.6	3.4	
Corn, Lucy90	Japan Ibaragi	Vegetables				110.6	17.1	7.3	12.1		25	21.5	6.4	85.3	7.1		1.48	2.2	4.2	6.3	3.4		10.1	3	4	
Cresson	Japan	Vegetables				74.3	31	23.5	29.9	53.5	42.9	6.9	1.9	14.3	29.7			21.2	14.1	14.3	26.8		19.4	0.3	41.6	T. Suzuki et al. (1976) Food Research Institute Report, 31, 42-70
Cucumber, on harvest	Japan Saitama	Vegetables				9.66	4.61	2.57	9.65		103.9		8.15	3.14	2.22	03.09	2.23	2.56	3.67	2.71	2.51		0.35	1.73	6.28	A. Nakamachi et. al (2002)J. of Cookery Science of Japan 35,3,234－241
Cummin	India	Seasonings and Spices				81																				
Daitokuji natto	Japan Kyoto	Pulses				600	390	120	190	10	10	760	120	330	270	10	0	250	360	170	290		190	70	240	K. Ooki et al. (2000) Kyoto Prefectural University report of art and science  Human environment science and agriculture , 52, 1-6
dashi bonito flake	Japan	Fishes and Shellfishes	6.24																							Mutuko Oomachi (1985)bulletin of Kassui women's univ.28,29-38
Dashi, arabushi (katsuobushi without fermentation) 20ｇ and makombu 10g/L	Japan	Seasonings and Spices	15			9.65	1.8	0.2	0.3	14.03			0.43	4.53	0.98		0.4	0.38	0.63	0.38	0.25		1.13	35.8		K. Shibata et al.(2008) Journal of Cookery Science of Japan, 41, 5, 304-312
Dashi, dried shiitake mushroom, Koshin 40g/L	Japan Oita	Seasonings and Spices		0.07		11.6																				M. Higashiguchi et al.（2005）J. for the Integrated Study of Dietary Habits, 15, 4, 253ー260
Dashi, katsuobushi 50g/L	Japan	Seasonings and Spices	414			24	9	12	10			21	22	49	20		10	10	17	8	23		79	30	5	K. Ninomiya (1998) Food Rev.Int.,14(2&3),177-211
Dashi, niboshi 20g/ L	Japan	Seasonings and Spices	12			1.77	0.5	0.3	0.33	0			0.52	1.47	0.78		0.2	0.32	0.55	0.28	0.22		0.98	6.63	0.32	K. Shibata et al.(2008) Journal of Cookery Science of Japan, 41, 5, 304-312
Dau dawa, locust bean, fermented using no salt	West Africa	Pulses				1700	456	28	0			685	11	136	656	151	26	165	158	574	229	0	190	0	0	Y. Yoshida (1998) Food Rev. Int.,14(2&3),213-246
Deep-water shrimp/Hokkoku akaebi	Japan	Fishes and Shellfishes	35			41	10	16	11	31		11.3	526	90	23		19	17	37	14	18		27	1900.1	181	A. Asakawa et al. Nippon Shokuhin Kagaku Kogaku Kaishi 28,11,594-599
Deer, thigh, aged, raw	Japan Hyogo	Meats				35.7	53.4	46.4	38.6			25.5	38.7	83.6	36.4	0	0	0	40.3	40.2	43.2		62.2	1004.8	0	M. Yoshimura et al. (2011),  Nippon Shokuhin Kagaku Kaishi, 58,517-524
Deer, thigh, before aging	Japan Hyogo	Meats				25.2	34.9	25.5	24.5			0	29.2	73.8	21.1	0	30.12	0	30.12	27.8	38.6		61.7	774.5	0	M. Yoshimura et al. (2011),  Nippon Shokuhin Kagaku Kaishi, 58,517-524
Dill	Japan	Vegetables				4.3	8.9	21	33	139	239	25	0.9	8.9	28	0	5.2	21	7.8	27	39	23	3	9	23	Hinako Ito and Hiroshi Ueno
Dried baby red snapper	Japan	Fishes and Shellfishes	550	10		63	15	32	19.1			28	43	4.3	18	0	04.01	12.01	25.1	15	14	4	60	41	23	
Dried baby sardine	Japan Nagasai	Seasonings and Spices	14.33			4.17	0.72	1.31	2.12		2.11	0		4.2	1.72	0.44	01.06	01.05	1.7	1.29	1.36		2.22	7.39	1.31	
Dried bonito with molding	Japan	Fishes and Shellfishes				43	9	18	17			14	27	52		0	11	16	29	4	18	0	88	3031	0	
Dried bonito without molding	Japan	Fishes and Shellfishes				54	0	17	17			30	46	91	39	0	17	35	45	6	20	0	123	3938		
Dried fish, Etrumeus sadina	Japan	Fishes and Shellfishes	830	20		67	13	22	18			16	23	100	21	0	7	12	24	14	14	3	50	765	28	うま味インフォメーション調べ
dried flying fish	Japan　Nagasaki	Fishes and Shellfishes	410	0		99	51	47	52			43	67	106	47	0	12	34	62	33	34	7	71	679	47	
Dried horse mackerel	Japan	Fishes and Shellfishes	620	10		86	27	41	32			31	47	90	44	0	17	32	63	29	29	6	128	142	67	
Dried Laver/Iwanori	Japan	Algae	17.32			490	90	180	190			1580	550	710	260	0	120	180	350	190	170	40	310	40	1480	Umami Information Center
Dried Miso	Japan	Seasonings and Spices				386.29	311.61	69.74	124.39			272.12	55.64	198.77	125.74			165.16	323.8	176.06	157.21	9.71	74.4	14.63	252.64	
Dried sardine	Japan	Fishes and Shellfishes	959																							Mutuko Oomachi (1985)bulletin of Kassui women's univ.28,29-38
Dried sardine	Japan Yamaguchi	Fishes and Shellfishes	650	20		71	19	21	23			37	32	77	18	0	2	11	23	11	12	3	59	664	28	
Dried sardine, blue	Japan	Fishes and Shellfishes	630	20		65	17	22	20			32	31	77	32	0	6	21	41	16	16	4	64	421	33	source:Umami Information Center
Dried sardine, blue	Japan	Fishes and Shellfishes	480	10		50	14.1	16.1	12.1			16.1	25	60	23.1	0	3.1	16.1	33	11	10.1	3	47	29	18.1	
Dried sardine, large	Japan Kagawa	Fishes and Shellfishes	460.1			58.9	8.7	20.2	23.9	6.8	25.5	18.1	50.8	93.5	30.6	0	12.6	20.7	33.9	16.1	14.8		22.1	636	14.2	
Dried sardine, middle	Japan Kagawa	Fishes and Shellfishes	488.3			56.8	9.4	21.6	28.6	9.8	23.9	18.6	53	88.2	20.3	0	12.1	14.9	22.1	13.7	13.9		29.3	992.8	13.2	
Dried sardine, white	Japan	Fishes and Shellfishes	580	30		59	13	14	15			13	33	79	22	0	6	13	25	13	12	3	26	400	17	
Dried sardine, White	Japan	Fishes and Shellfishes	560	10		60	13.1	21	21			22	26	78	22	0	4.1	14	25.01	12.1	13	3	52	215	26	
Dried Scallop (HK)	Hong Kong	Fishes and Shellfishes	0	99.2		139.4	3.7	24.37	14.71	0	0	189.21	2828.25	292.7	26.28	0	9.4	15.41	16.01	11.4	9.44	15.71	42.09	0	1452.78	
Dried tomato	Japan	Vegetables				648	320	31	44	0	0	15	10	71	27	0	7	14	26	14	61	10	26	14	26	K. Ninomiya (1998) Food Rev.Int.,14(2&3),177-211
Dried tomato, cherry tomato Aiko	Japan Tokyo	Vegetables		9		1140	22.11	20.1	7.2	116	257	24	12	107	14.1	30.12	6.1	14.1	29.1	14.1	11.2	12.1	26	1900.1	3.2	Source:Umami Information Center
Dried tuna	Japan	Fishes and Shellfishes	966.7			31	5.5	13.5	9.5	0	0	32.8	20	73.9	18.4	1.9	7.6	9.2	20.9	10.5	10.1	4.5	89	2033.6	11.2	Umami Information Center
Dried young sardines	Japan	Fishes and Shellfishes	240			36	9	26	05.02			21	19.01	39	30	0	16	23	37	29	01.02	8	55	98	31.01	
Dry-cured ham,  preserved for 77 days	Spain	Meats				34.57	7.85	7.71	09.07	1.1	7.2	18.51	05.04	16.18	14.14		5.85	4.84	4.71	8.86	10.07	0.64	13.96	10.41	12.05	K. Ninomiya (1998) Food Rev.Int.,14(2&3),177-211
Dry-cured ham, preserved  for 167 days under dry condition	Spain	Meats				142.23	20.07	34.64	31.38	4.98	62.48	41.2	38.03	56.84	69.58		30.76	68.28	73.04	61.23	42.52	15.77	83.23	12.7	35.49	K. Ninomiya (1998) Food Rev.Int.,14(2&3),177-211
Dry-cured ham, preserved for  347 days, midst of aging	Spain	Meats				206.82	36.02	50.35	57.42	07.09	129.84	84.46	52.15	145.36	99.86		41.88	114.51	127.73	105.52	97.01	55.98	149.54	13.44	54.09	K. Ninomiya (1998) Food Rev.Int.,14(2&3),177-211
Dry-cured ham, preserved for  527 days, aged	Spain	Meats				337.42	67.88	109.12	114.77	8.97	147.32	116.52	106.8	209.16	131.97		73.07	147.98	219.41	151.89	119.11	95.96	226.4	19.08	83.95	K. Ninomiya (1998) Food Rev.Int.,14(2&3),177-211
Dry-cured ham, preserved for 122 days	Spain	Meats				45.78	10.6	11.76	14.79	6.75	14.34	27.63	7.42	25.88	29.34		7.55	14.56	16.96	14.86	17.62	4.35	21.01	12.08	17.8	K. Ninomiya (1998) Food Rev.Int.,14(2&3),177-211
Dry-cured ham, preserved for 17 days, 15days after salting	Spain	Meats				11.08	1.96	2.69	1.59	0.95	1.96	4.5	2.97	7.85	2.42		2.49	2.38	3.6	2.23	3.36	0.21	3.93	3.3	3.16	K. Ninomiya (1998) Food Rev.Int.,14(2&3),177-211
Dry-cured ham, preserved for 2 days	Spain	Meats				5.83	1.69	1.58	1.53	0.51	1.67	3.44	2.62	6.45	1.69		1.5	1.56	2.53	1.73	1.95	0.06	02.04	2.46	2.57	K. Ninomiya (1998) Food Rev.Int.,14(2&3),177-211
Early red	Japan	Vegetables				12	3.1	7.9	5.4	25	211	4.1	0.8	0.7	2.2	0	1.1	1.4	5.1	10	3.6	9.6	2.9	10	16.4	Hinako Ito and Hiroshi Ueno
Edamame	Japan	Vegetables				66.7	32.1	4.7	8.2	34.7		0	3.6	16.8	5.3			3.5	4.6	1.1	2.6		1.6		13.4	T. Suzuki et al. (1976) Food Research Institute Report, 31, 42-70
edible crysanthemum	Japan	Vegetables				8.3	8.6	4.5	9.1	23	11.1	12	0.8	5.6	5.6	0	30.12	3.1	1.9	1.7	6.4	1.3	2.3	2	6.1	Hinako Ito and Hiroshi Ueno
Eel	Japan	Fishes and Shellfishes				4.5	0.2	2.9	1.7	0	2.4	0	7.3	17.4	7	0	3.6	4.7	7.1	3.6	5	1.1	32.6	118.1	6.7	T. Aoki et al. (2000) J. for the Integrated Study of Dietary Habits, 10, 4, 26-35
Egg millet	Japan Toyama	Cereals				1.1	0.2	0.2	0.4			30.12	0.5	0.6	0.6	0	0.1	0.1	0.2	0.2	0.2	0	30.12	0	0.3	鹿島 真樹ら(2010) 富山県農林水産総合技術センター食品研究所研究報告, 1, 13-22
Eggplant	Japan	Vegetables				17.1	12.9	3.4	2.7	37.7	44.4	2.1	37.5	1.6	7.8			3.9	1.8	2.8	4.2		6.8		9.9	T. Suzuki et al. (1976) Food Research Institute Report, 31, 42-70
Enoki mushroom, fresh	Japan	Mushrooms				133.6	17.3	20.5	24.1	12	1.8	20.2	25.7	123.5	27.6			21.1	35.4	21.2	23.9		29.2	22.6	21	T. Suzuki et al. (1976) Food Research Institute Report, 31, 42-70
Eschalot	Japan	Vegetables				29.8	14.3	2.4	9.8		12.7		0.7	7.8	16.2			3.1	3.8	11.7	6.6		21.5	8.1	92	T. Suzuki et al. (1976) Food Research Institute Report, 31, 42-70
Fava bean	Japan	Vegetables				70.6	24.5	32.7	17.3	88.1	15.2	0	14.6	160	44.4			28.2	19.2	11.9	4.7		12.5	10	232.6	T. Suzuki et al. (1976) Food Research Institute Report, 31, 42-70
fermented grasshoppers	Denmark	Seasonings and Spices				304	501	115	98			411	193	409	457	69	58	583		345	199		133	67	656	Ole G. Mouritsen, Lars Duelund, Ghislaine Calleja, et al. Ile=Ile+Leu
fermented grasshoppers Extra virgin	Denmark	Seasonings and Spices				288	452	106	94			396	173	382	470	59	56	551		307	185		125	69	592	Ole G. Mouritsen, Lars Duelund, Ghislaine Calleja, et al. Ile=Ile+Leu
Fermented shrimp (China)	China	Seasonings and Spices				436.76	101.26	120.78	0			0	200.08	462.38	450.18	80.52	141.52	437.98	761.28	75.64	262.3	0	585.6	41.48	0	Y. Yoshida (1998) Food Rev. Int.,14(2&3),213-246
Fermented shrimp (S.Korea)	Korea	Seasonings and Spices				363.6	300.6	169.2	192.6			183.6	271.8	349.2	311.4	117	451.8	183.6	419.4	273.6	298.8	0	388.8	82.8	370.8	Y. Yoshida (1998) Food Rev. Int.,14(2&3),213-246
Fermented shrimp, Bagoong alamang	Philippines	Seasonings and Spices				814.15	661.5	344.25	110.25			290.25	456.75	621	423	76.5	236.25	351	580.5	429.75	362.25	81	688.5	135	72	Y. Yoshida (1998) Food Rev. Int.,14(2&3),213-246
fermented wax moths larvae	Denmark	Seasonings and Spices				312	343	104	150			455	223	360	232	59	49	551		307	179		209	99	449	Ole G. Mouritsen, Lars Duelund, Ghislaine Calleja, et al. Ile=Ile+Leu
Fish or Shrimp paste Balachan	Malaysia	Seasonings and Spices				1550	470	229	97			167	438	808	450	158	167	338	752	366	385		627	43	6.2	Y. Yoshida (1998) Food Rev. Int.,14(2&3),213-246
Fish Sauce Budu	Malaysia	Seasonings and Spices	0			620.61	362.4	229.52	163.08			0	173.65	406.19	372.97	96.64	220.46	318.16	463.57	157.04	173.65	0	555.68	190.26	15.1	Y. Yoshida (1998) Food Rev. Int.,14(2&3),213-246
fish sauce China Shantou	China Chantou	Seasonings and Spices				335	162	162	109	0		112	119	246	207	14	155	119	153	120	36		305	153	14	Huifeng Ren et al (1993) Nippon Suisan Gakkaishi 59, 11, 1929-1935
fish sauce China Xiamen	China Xiamen	Seasonings and Spices				336	116	128	20	0		53	136	341	241	9	143	114	137	83	36		381	65	5	Huifeng Ren et al (1993) Nippon Suisan Gakkaishi 59, 11, 1929-1935
Fish sauce Ngan-pya-ye	Myanmar	Seasonings and Spices				512.85	234.7	155.17	13.15			0	157.8	305.08	239.33	0	99.94	194.62	362.94	186.73	136.76	0	320.86	57.86	34.19	Y. Yoshida (1998) Food Rev. Int.,14(2&3),213-246
Fish sauce Patis	Philippine	Seasonings and Spices	0	0		988.1	559.65	481.75	418.2			55.35	328	686.75	649.85	250.1	395.65	506.35	709.3	0	266.5	0	1143.9	670.35	30.75	Y. Yoshida (1998) Food Rev. Int.,14(2&3),213-246
Fish sauce, Bakasang	Indonesia	Seasonings and Spices	0			727	362	60	465				72	484	476	277	360	963	350	192	1039		595	44	349	Y. Yoshida (1998) Food Rev. Int.,14(2&3),213-246
Fish sauce, Ishiru, sardin	Japan Ishikawa	Seasonings and Spices				466	355	213	216	0	0	108	218	306	260	0	148	275	437	0	178	0	395	185	294	M. Mori (2011) Doctoral dissertation of Iwate University
Fish sauce, Ishiru, squid	Japan Ishikawa	Seasonings and Spices				1014	986	443	479	0	0	429	408	506	431	0	209	325	362	56	327	0	753	164	226	M. Mori (2011) Doctoral dissertation of Iwate University
Fish sauce, Myulchichot	Korea	Seasonings and Spices				1079.44	762.2	393.46	337.84			214.24	257.5	646.84	537.66	201.88	861.08	442.9	721	127.72	391.4	0	795.16	451.14	0	Y. Yoshida (1998) Food Rev. Int.,14(2&3),213-246
Fish sauce, Nam-pla	Thailand	Seasonings and Spices	0	0		950	760	460	360			230	340	700	590		230	360	450	50	310	90	890	320	0	Y. Yoshida (1998) Food Rev. Int.,14(2&3),213-246
Fish sauce, Nuoc mam	Vietnam	Seasonings and Spices				1903.10	1150	700	610			330	460	1010	830		270	390	490	60	420	90	1360	460	80	Y. Yoshida (1998) Food Rev. Int.,14(2&3),213-246
Fish sauce, Prahoc	Cambodia	Seasonings and Spices				1579.2	481.6	308	229.6			0	179.2	660.8	638.4	0	408.8	408.8	968.8	0	0	0	812	280	0	Y. Yoshida (1998) Food Rev. Int.,14(2&3),213-246
Fish sauce, Yuru	China	Seasonings and Spices	0			828.4	478.8	304	191.52			65.36	293.36	506.16	503.12	117.04	255.36	275.44	580.64	141.36	224.96	0	808.64	194.56	0	Y. Yoshida (1998) Food Rev. Int.,14(2&3),213-246
Flathead flounder	Japan	Fishes and Shellfishes	0			10	0	17.1	6.1			26.1	28.1	29	2.1		1	31.12	2.1	1.1	31.12		18.1	10.1	5	S. Kounosu et al（1974）Bulletin of Japanese Society of Scientific Fisheries, 40, 9, 909-915
Flounder, kobujime	Japan	Fishes and Shellfishes				321.9	165.6	8.9	13.2	0	2	13.1	4.2	70.7	6.7	0	0	5.6	10.6	6.5	3.8	0	28.7	4.1	0	source:Umami Information Center
Flounder, sashimi	Japan	Fishes and Shellfishes				12.4	0	7	10.2	0	0	0	3	34.4	3.3	0	0	1.6	7.4	0	0	0	22.3	2.4	0	source:Umami Information Center
Flying fish grilled and dried	Japan Nagasaki	Fishes and Shellfishes	737																							Mutuko Oomachi (1985)bulletin of Kassui women's univ.28,29-38
Flying fish, boiled and dried	Vietnam	Fishes and Shellfishes	1900.4			46.5	6.2	15.7	10.6			10.1	20.6	42.9	8.2		5.8	7.8	13.2	9.4	17		14.7	458	9.1	Ayako Kase et.al (2002)Journal of the Faculty of Nursing and Nutrition Siebold University of Nagasaki
Flying fish, grilled and dried	Japan　Nagasaki	Fishes and Shellfishes	1264.8			55.5	11.1	24.8	23.1			30.7	40.1	63.2	23.1		17.1	14.5	24.8	15.4	11.1	5.1	15.2	1167	19.6	Ogushi et.al.(1997)J.Jpn.Soc.Nutr.Food Sci.,50,4,295-301
Flying fish, raw	Japan　Nagasaki	Fishes and Shellfishes	129			17.9	3.5	9.5	6.5			10.7	11.6	20.4	8.6		6.3	5.8	9.7	7	5.3	2.1	15.1	362	6.3	Ogushi et.al.(1997)J.Jpn.Soc.Nutr.Food Sci.,50,4,295-301
Flying fish, salted and dried	Japan　Nagasaki	Fishes and Shellfishes	117			237.6	91.8	100.2	90.4			73.6	93.9	190.7	108.7		54.7	75.7	131.1	75.7	87.6	28.7	137.4	835.6	110.8	Ogushi et.al.(1997)J.Jpn.Soc.Nutr.Food Sci.,50,4,295-301
Foie gras	France	Meats				195	108	65	90	0	70	67	69	108	84	15	40	64	132	53	60	20	104	39	85	source:Umami Information Center
Frog flounder	Japan Ehime	Fishes and Shellfishes				8	1	5	13			4	48	20	3	0	1	1	2	1	1		20	12	6	Y. Hiraoka et al. (2011)  Ehime Prefecture Industrial Technology Institute Research Report 49, 19－22
Fruit tomato, flesh and skin	Japan Shizuoka	Vegetables				242	48	7	13	20	130	19	1	6	2	0	0	2	1	0	7	0	3	7	1	Umami Information Center
Fruit tomato, seeds and jelly	Japan	Vegetables				398	37	5	4	23	130	7	0	5	0	0	0	1	2	0	2	0	5	5	2	Umami Information Center
Fugu/Globe fish	Japan	Fishes and Shellfishes	230			6	1	3	2	0	0	2	21	16	4	0	1	3	5	2	2	0	58	1	9	source:Umami Information Center
Furu	China	Seasonings and Spices				381	213	15	17			81	215	701	379	523	92	396	580	38	394		445	0	0	Y. Yoshida (1998) Food Rev. Int.,14(2&3),213-246
Garfish, Hyporhamphus sajori	Japan Ehime	Fishes and Shellfishes				3	1	5	3			7	22	16	6	0	2	3	5	2	1		25	197	5	Y. Hiraoka et al. (2011)  Ehime Prefecture Industrial Technology Institute Research Report 49, 19－22
Garlic	Japan	Vegetables				8.4	30.3	31.3	3.2	0	0	7	2	14	22.1	56	30.12	4.1	12	19.1	16.1	30.12	26.2	16.1	709	K. Ninomiya (1998) Food Rev.Int.,14(2&3),177-211
Giant tiger prawn, frozen	Vietnam	Fishes and Shellfishes				26.6	2.4	7.5	25.4	32.8	156.1		13.10	42.6	22.3		12.7	9.4	15.1	12.7	29.7	21.5	17.6	30.7	1.1	T. Okutsu et al.(2010) Marine technology 3, 1, 37-41
Ginger	Japan	Vegetables				10.3	30.1	13.8	28.5	239.3	107.3	3.2	1.6	7.1	16.3			6.6	3.3	6.1	2.8			6.3	4.4	T. Suzuki et al. (1976) Food Research Institute Report, 31, 42-70
Ginger/hine shoga	Japan	Vegetables				19.1	61.5	14.1	63.5	237.7	108.9		6.2	17.4	13.3			4.9	3	2.8	2.1		1.7	6.2	48.2	T. Suzuki et al. (1976) Food Research Institute Report, 31, 42-70
Ginko nuts	Japan	Nuts and Seeds				11	1.4	4.2	3	4.2	15	68	1.5	11	3.2	0.6	1.5	2.2	31.12	0.6	2.3	1.9	0.9	2.1	6.2	Hinako Ito and Hiroshi Ueno
Gold sesame seeds	Turkey	Nuts and Seeds				26	8.1	1.1	3			2	1.5	4.1	5		0.6	3.5	3.5	3.8	10.2			0.8	1.5	M. Nagashima et al.(2005) J. of Cookery Science of Japan ,38, 6, 455-461
Green Asparagas	Japan	Vegetables				36.4	16.2	6.8	83.5	611	43.6	37.4	7.2	8.6	40.3	0	2.1	19.4	14.2	4	17.2	10.6	20.4	18.9	43.2	
Green asparagus	Japan	Vegetables				49	24	14.1	27.2	0	0	15	8.1	13.2	3.3	4.1	4.1	29.1	2.2	7.1	23.1	12	14.2	24.1	19.4	K. Ninomiya (1998) Food Rev.Int.,14(2&3),177-211
Green Asparagus	Japan　Saga	Vegetables				36.9	176.4	26.7	30.8			55.7	7.5	25.1	11.6	3.7	1.9	1.2	2.9	1.4	2.6	0.5	5.8	2.7	17.5	
Green Asparagus	Japan　Saga	Vegetables				96.4	193.8	20.7	86.4			66.7	18.7	129.9	42.1	5.5	11.2	7.7	30.8	12	17.1	1.2	52.8	17	4.7	
Green asparagus, lower part	Japan Saga	Vegetables				24.7	12.8	20.4	39.1			28.5	8.1	44.3	12.7	2.4	2.8	2.3	5.4	3	3.1	0	10.9	4.1	13.9	Y. Ishibasi et al (2002) Kyushu agricultural research 64, 160
Green asparagus, middle part	Japan Saga	Vegetables				79.4	316.6	27.1	60.1			71.8	12.9	87.9	24.3	3.9	5.4	2.8	9.1	4	6.8	0.7	21	8.5	51.3	Y. Ishibasi et al (2002) Kyushu agricultural research 64, 160
Green asparagus, upper part	Japan Saga	Vegetables				96.4	193.8	20.7	86.4			66.7	18.7	129.9	42.1	5.5	11.2	7.7	30.8	12	18	1.2	52.8	17	186	Y. Ishibasi et al (2002) Kyushu agricultural research 64, 160
Green laver, fresh	Japan	Algae	0			10	0	0	0			5	1	14	1	0	0	0	1	0	0	0	0	0	18	Umami Information Center
Green peas	Japan	Vegetables				15.4	3.1	12.1	3.1	0	0	10	10.1	24.2	17.1	0	2	9.1	13.1	18	13	4	17	6	17.4	K. Ninomiya (1998) Food Rev.Int.,14(2&3),177-211
Green pepper	Japan	Vegetables				31.8	21.3	10.8	14.4	49.2	117.2		1.5	8.9	12.8			6.3	6.3					0	8.5	T. Suzuki et al. (1976) Food Research Institute Report, 31, 42-70
green perilla	Japan	Vegetables				4.3	5.6	0.7	2.3	9.9	6	0.4	0.4	2.1	1.1	0	0	30.12	30.12	1.4	31.12	0.6	0.4	0.7	1.5	Hinako Ito and Hiroshi Ueno
Green tea leaf, low quality tea	Japan	Beverages				184.5	124.9	22.1	82.4				2.1	20.2	8.2			7.5	3.2	8.5	14.2		10.1	6.6	38.9	Society for the Study of Tea-Making(1973) Tea Research Journal 40, 58-66
Green tea leaf, Sencha, non-premium grade	Japan	Beverages				214.3	172.9	29.1	114.3				3.8	24.7	14.2			11.7	10.7	16.3	24.8		13.1	7.6	64.2	Society for the Study of Tea-Making(1973) Tea Research Journal 40, 58-66
Green tea leaf, Sencha, premium grade	Japan	Beverages				217.4	245.8	48	202				5	28.3	18.9			14.4	15.5	25.7	31.4		28.7	10.3	198.1	Society for the Study of Tea-Making(1973) Tea Research Journal 40, 58-66
Green tea, Deep stamed sencha 2nd grade	Japan	Beverages				328	308		157	38	711														1685	
Green tea, Deep steamed sencha 1st grade	Japan	Beverages				280	263		128	28	588														1240	
Green tea, Deep steamed sencha 3rd grade	Japan	Beverages				327	311		140	36	824														1620	
Green tea, Gylkuro 1st grade	Japan	Beverages				42	46	4	8	10	29	1	0	5	2	0	0	2	2	2	1	1	2	2	38	
Green tea, Gyokuro	Japan	Beverages		0		507	525	47	101	129	377	13	4	57	21	0	2	22	26	26	22	20	42	28	784	
Green tea, Gyokuro	Japan Shizuoka	Beverages	10			316	364	36	81			14	2	39	18	3	1	16	20	26	25	29	25	13	257	
Green tea, Gyokuro 1st grade	Japan	Beverages				226	186		86	22	528														942	
Green tea, Gyokuro 1st grade	Japan	Beverages				582	672		159	269	792														2055	
Green tea, Gyokuro 1st grade	Japan	Beverages				310	270		100	30	600														1110	
Green tea, Gyokuro 2nd grade	Japan	Beverages				255	255		135	31	688														850	
Green tea, Gyokuro 2nd grade	Japan	Beverages				510	630		153	227	702														1402	
Green tea, Gyokuro 2nd grade	Japan	Beverages				274	220		104	30	650														954	
Green tea, Gyokuro 2nd grade	Japan	Beverages				22	23	2	4	5	15	0	0	2	0	0	0	0	0	0	0	0	1	0	23	
Green tea, Gyokuro 3rd grade	Japan	Beverages				263	253		112	30	661														1244	
Green tea, Gyokuro 3rd grade	Japan	Beverages				471	561		152	154	622														1090	
Green tea, Gyokuro 3rd grade	Japan	Beverages				267	218		110	31	721														906	
Green tea, Gyokuro 3red grade	Japan	Beverages				15	16	1	3	4	11	0	0	2	0	0	0	0	0	0	0	0	0	0	17	
Green tea, Gyokuro used leaves	Japan	Beverages		0		34	36	4	8	11	29	0	0	4	2	0	0	2	2	2	2	2	4	3	93	
Green tea, Kabuse 1st grade	Japan	Beverages				406	435		106	73	457														344	
Green tea, Kabuse 2nd grade	Japan	Beverages				433	436		115	96	706														683	
Green tea, Kabuse 3rd grade	Japan	Beverages				401	495		112	124	611														708	
Green tea, Sencha	Japan	Beverages				1490	480	50	100			20	0	50	20	0	0	20	20	30	30	20	30	20	380	
Green tea, Sencha 1st grade	Japan	Beverages				372	318		137	45	1582														1440	
Green tea, Sencha 2nd grade	Japan	Beverages				332	274		145	31	1081														1224	
Green tea, Sencha 3rd grade	Japan	Beverages				320	279		147	42	1089														1012	
Green tea, Sencha lower grade	Japan Shizuoka	Beverages				199.3	227	27.7	62.3	32.9	39.3			29.1							26.4		19.6		43.1	
Green tea, Sencha lower grade	Japan Shizuoka	Beverages				261.7	219.5	27.1	72.5	28.6	148.4			30.1							20.2		14.4		196	
Green tea, Sencha lower grade	Japan Shizuoka	Beverages				253.1	191.1	24.1	63.6	14.3	158.7			20.8							18.7		14.9		26.4	
Green tea, Sencha lower grade	Japan Shizuoka	Beverages				190.1	207.7	27.4	51.7	21.3	37			29.1							24		28.4		23.4	
Green tea, Sencha Lower grade	Japan Shizuoka	Beverages				243.5	262.2	26.9	71.5	30.4	50			26.1							23		15.5		55.3	
Green tea, Sencha middle grade	Japan Shizuoka	Beverages				328.1	242.2	32.7	69	23.8	214.2			22.7							38.5		31.3		242.7	
Green tea, Sencha middle grade	Japan Shizuoka	Beverages				302.7	204	27.1	86.8	15.6	323			36.2							11.6		13.8		308.9	
Green tea, Sencha middle grade	Japan Shizuoka	Beverages				252.1	311.2	34.8	95.4	23.7	285.3			30.3							20.6		15.7		325.3	
Green tea, Sencha middle grade	Japan Shizuoka	Beverages				416.9	316.7	35.4	119.3	21.8	599.7			40.5							11.1		17.8		450.2	
Green tea, Sencha middle grade	Japan Shizuoka	Beverages				441.1	352	27.9	102	18.2	396.8			30.2							7.4		5.5		245.5	
Green tea, Sencha upper grade	Japan Shizuoka	Beverages				320.3	222.4	36.2	98.8	22.9	359.2			36.3							19.4		34.3		739.7	
Green tea, Sencha upper grade	Japan Shizuoka	Beverages				275.5	197.2	27.5	77.2	18.8	233.3			29.2							9.1		20.9		323.8	
Green tea, Sencha upper grade	Japan Shizuoka	Beverages				238.6	161	31.2	75	19.7	228.8			27.7							18.8		32.3		541.5	
Green tea, Sencha upper grade	Japan Shizuoka	Beverages				339	240.8	37.7	106	21.8	311			33.4							17.1		32.2		726.8	
Green tea, Snecha upper grade	Japan Shizuoka	Beverages				367.2	236.5	40.3	110.5	26.9	454.7			42.3							18.9		29.6		909	
Green tea, Tencha 1st grade	Japan	Beverages				1006	982		286	422	310														2597	
Green tea, Tencha 2nd grade	Japan	Beverages				934	883		242	253	206														1994	
Green tea, Tencha 3rd grade	Japan	Beverages				911	845		216	284	192														1891	
Green tea, Tencha 3rd grade	Japan	Beverages				911	845		216	284	192														1891	
Hamanatto, salted natto	Japan Shizuoka	Pulses				7.7	16.9	13.2	14.5	0	30.12	670	27.8	18.7	3.7	10	40	600	980	160	24.4		5.3	9.4	18.6	K. Ooki et al. (2000) Kyoto Prefectural University report of art and science  Human environment science and agriculture , 52, 1-6
Hassaku orange	Japan	Fruits				16.8	22.1	2.9	13.1	128.8	11.5	85.9	1.3	20.1	1.9			0.5	0.4	0	1.8		3.1	1.8	29.6	T. Suzuki et al. (1976) Food Research Institute Report, 31, 42-70
hatahata fish sauce	Japan	Seasonings and Spices				11.9	24.5	19.12	16.12			4.12	287	555	8.1	26.2	20.9	820		2.12	14.1		12.4	15.6	28.10	Ole G. Mouritsen, Lars Duelund, Ghislaine Calleja, et al. Ile=Ile+Leu
Hen egg	Japan	Eggs				15.4	5.1	6.2	5.4			4.7	2	3	5.5	1.4	2.9	5	12.1	9.2	10.1		8.7	1.5	8.2	H. Kawaguchi et al.(1992)Oriental food technical junior college・ Oriental food research center research report 19, 61-68
Hen egg, albumin	Japan	Eggs				0.2	30.12	30.12	30.12			30.12	0	30.12	30.12	0.3	30.12	30.12	0	30.12	0		30.12	30.12	30.12	H. Kawaguchi et al.(1992)Oriental food technical junior college・ Oriental food research center research report 19, 61-68
Hen egg, yolk	Japan	Eggs				45.8	15.2	18.6	16.2			14.1	6	9.3	16.6	3.5	8.8	15.1	36.2	27.4	32		26.1	4.6	24.5	H. Kawaguchi et al.(1992)Oriental food technical junior college・ Oriental food research center research report 19, 61-68
Honshimeji Fresh	Japan	Mushrooms	0	0		143	90	30	39			16	20	148	28	10	6	26	42	20	32	7	49	35	126	K. Ninomiya (1998) Food Rev.Int.,14(2&3),177-211
Horsehair crab H	Japan	Fishes and Shellfishes				90	18	44	50	118		102	411	152	89		57	69	36	88	115	37	140	28	271	K. Ninomiya (1998) Food Rev.Int.,14(2&3),177-211
Horsehair crab Leg Male	Japan	Fishes and Shellfishes				22	10	12	23	34		383	894	158	14		13	5	9	10	7	0	10	11	786	K. Ninomiya (1998) Food Rev.Int.,14(2&3),177-211
Horsehair crab Leg meat female	Japan	Fishes and Shellfishes				31	19	13	18	113		529	575	141	12		17	5	9	19	6	0	11	13	663	K. Ninomiya (1998) Food Rev.Int.,14(2&3),177-211
Horsehea tilefish preserved in miso	Japan	Fishes and Shellfishes				70	36	26	37			26	64	59	31		13	27	48	26	35		69	10	49	
Horsehead tilefish	Japan	Fishes and Shellfishes				21.1	2.1	11.1	15.1			9.1	17	42	11.1		7	7.1	14	9.1	7.1		44	2.1	20	E. Arai et al (1985) Bulletin of Tokyo Gakugei University Sixth sector Industrial technology · Home affairs ,37,147-152
Horsetail	Japan	Vegetables				2.6	1.8	1.8	8.3	5.9	134	8.8	0.4	11.1	2.5	0	0	1.6	2	1.2	8.2	0.2	0.3	1.6	1.3	Hinako Ito and Hiroshi Ueno
Hot white radish		Vegetables				1	3.1	5.7	5.8	10	51	5.1	0.6	2.2	4.6	0	0.3	2.5	0.8	2.7	1.3	1.4	0.7	2.1	2.2	Hinako Ito and Hiroshi Ueno
Iberian pork	Spain	Meats	60			15	2	5	7			4	11	55	4	0	1	2	4	2	2	0	7	4	6	
Indian shrimp, frozen	Philippine	Fishes and Shellfishes				21	1.1	12.1	17.1	18	40	63	288	47	14.1	3	10.1	10.1	17.1	6.1	7.1	30.12	21.1	7.1	360	K. Takada et al. (1988) Nippon Suisan Gakkaishi 54, 12, 2173-2179
Indian shrimp, frozen	Saudi Arabia	Fishes and Shellfishes				38.7	4.5	6.5	8.6	37.8	195.6		669.2	99.5	20.9		1.3	15.8	14.7	17.4	18.6	10.7	24.6	25.8	936	T. Okutsu et al.(2010) Marine technology 3, 1, 37-41
Jack ｍackerel	Japan	Fishes and Shellfishes	272			13	1	15	3			6	10	21	6		1	1	5	1	1		54	289	3	S. Kounosu et al（1974）Bulletin of Japanese Society of Scientific Fisheries, 40, 9, 909-915
Japanese abalone	Japan	Fishes and Shellfishes				18.4	8.1	22.3	4.4			83	174	7.4	5.2		13	17.1	23.1	25.2	25.1	19.1	16.3	22.1	299	K. Ninomiya (1998) Food Rev.Int.,14(2&3),177-211
Japanese artichoke		Potatoes and Starches				3.1	6.3	4.1	1.4	45	10.4	0.8	0.4	2.5	1.8	0	0	3.3	5.1	2.1	9.6	6.1	1.3	6.1	199	Hinako Ito and Hiroshi Ueno
Japanese butterbur	Japan	Vegetables				12.9	7.1	3.3	3.6	93.6	17.5	1.8	1.7	2.1	3.5	0	0.3	2.4	1.3	2.9	1.3	0	1.2	1.6	31.12	T. Kiuchi et al. (1984) Hiroshima Women's University domestic science department bulletin, 20, 65-77
Japanese chive	Japan	Vegetables				25.1	10.8	6.4	15.7	9.6	43.1	3.4	1.1	18.1	6.4			4.5	7.2	4.5	5.5		5.5		6.2	T. Suzuki et al. (1976) Food Research Institute Report, 31, 42-70
Japanese leek	Japan Toyama	Vegetables				13	6.7	7.4	17.1			0	2.3	22.5	6.9	0	0.4	2	3.9	4.6	3.5	0	2.7	1.4	8.1	
Japanese leek	Japan	Vegetables				0.3	1.1	31.12	3.8	3.6	34	0.5	0.4	0.4	0.9	0	0	0.8	1.4	0.8	1.6	1	0.4	0.8	1.2	Hinako Ito and Hiroshi Ueno
Japanese Leek	Japan Toyama	Vegetables				20.9	17.2	8.9	22.3			0	2.5	25.1	8.7	0	0.3	2.9	5.2	5.2	4.6	0	3.3	1.3	5.9	
Japanese littleneck　Clams	Japan	Fishes and Shellfishes	0			30.3	17.1	4.1	6.1			2.1	28.6	14.3	3.1	0	3	2.1	4.1		3	3	6	2.1	21.2	K. Ninomiya (1998) Food Rev.Int.,14(2&3),177-211
Japanese radish	Japan	Vegetables				4.7	4.8	4.2	5.6	3.6	44	1.7	1.3	8.5	7.2	0	30.12	4.9	1.1	1.3	0.5	0	0.6	1.3	8.4	Hinako Ito and Hiroshi Ueno
Japanese radish, dried	Japan	Vegetables		2.5		201.9	116.9	1.2	54.4	57.1	438.5	41.6	28.7	136.7	79.8		27.2	42.9	18	17.2	13.6	0	9.5	6.6	62.6	M. Higashiguchi et al.（2005）J. for the Integrated Study of Dietary Habits, 15, 4, 253ー260
Japanese radish/Daikon	Japan	Vegetables				66.5	12.5	7.5	5.7	16.1	225	2.9	1.6	18	10.4	0	0.7	2.9	0.4	0.3	0.8	0	0.4	2.9	16.4	T. Kiuchi et al. (1984) Hiroshima Women's University domestic science department bulletin, 20, 65-77
Japanese sardine	Japan Ehime	Fishes and Shellfishes				7.1	2	3.1	4			3	7	16.1	5.1	30.12	1	2.1	5.1	4	4		18.1	273	5	Y. Hiraoka et al. (2011)  Ehime Prefecture Industrial Technology Institute Research Report 49, 19－22
Japanese spiny prawn	Japan　Shizuoka	Fishes and Shellfishes	1.4			7.4		1.2	45.2				79.6	24.1	10.5	14.4	3	5.3	3.9	47.1	47.9		30.7	162.9	71.4	T. Mitsuhashi et al (2013)Rep. Res. Inst. Sci for Liv.,Nihon Univ. 36,1-13
Jardi juice Made by traditional method at a local fisherman's home	Sri Lanka	Seasonings and Spices				224	95	107	73			44	60	140	113		74	80	167	75	104		171	140	70	Y. Yoshida (1998) Food Rev. Int.,14(2&3),213-246
Jardi juice Purchased in a market	Sri Lanka	Seasonings and Spices				1.8	19.3	28.2	18.1				50	24.5	6.4		63	6.3	8.5	11.2	25.3		1.6	184		Y. Yoshida (1998) Food Rev. Int.,14(2&3),213-246
Java water dropwort	Japan	Vegetables				10.8	5.6	2.2	2.8	3.8	5.2	0	0	2.8	3.8			2.7	1.6	1.8	3.1		2.2	0	0	T. Suzuki et al. (1976) Food Research Institute Report, 31, 42-70
Jinhua ham, China	China	Meats				360	150	130	140	10		140	100	260	190		80	150	270	80	140	29.1	350	80	70	
Jinhua ham, Hong Kong	Hong Kong	Meats	0	0		77.09	5.46	32.06	41.66	8.19	2.69	45.59	26.76	100.49	47.7	0	21.85	39.29	59.59	27.59	30.59	5.6	90.82	18.23	53	Umami Information Center
kale	Japan	Vegetables				55	9.2	9.1	3.2	28	102	206	1.1	24.1	2.2	0	30.12	20.1	16.1	8.1	17.1	11	12.1	10.1	34	Umami Information Center
Kimuchi, Chinese cabbage, commercial product	Korea Jeju	Vegetables				240.1	17.8	25.2	9.8			50.6	5.9	29.6	10.8	0	1.8	8.1	12.7	4.2	9.1		9.9	5.5	11.1	K. Kaneko et al. (1991) J. of Cookery Science of Japan , 24, 1, 16-27
Kimuchi, scallion, commercial product	Korea Jeju	Vegetables				132.2	7.1	33.3	20.2			83.1	9.7	46.2	25.6	30.12	2.6	21.4	42.1	20.7	36.2		15.4	3.3	14.2	K. Kaneko et al. (1991) J. of Cookery Science of Japan , 24, 1, 16-27
Kimuchi, turnip, handmade	Korea Jeju	Vegetables				89.5	8.5	3.52	14.8			37.9	9.5	43.6	27.3	7.1	3.8	17.9	18.8	4.6	12.2		20.3	5.8	28.1	K. Kaneko et al. (1991) J. of Cookery Science of Japan , 24, 1, 16-27
King crab Leg meat female	Japan	Fishes and Shellfishes				80	8	47	66	136		370	700	187	62		52	65	105	49	53	15	63	20	527	K. Ninomiya (1998) Food Rev.Int.,14(2&3),177-211
King crab leg meat male	Japan	Fishes and Shellfishes				75	7	31	46	143		319	741	176	56		43	48	72	50	42	14	45	0	10	K. Ninomiya (1998) Food Rev.Int.,14(2&3),177-211
King crab Ovary	Japan	Fishes and Shellfishes				75	7	13	20	49		32	293	74	16		8	14	25	23	20	14	27	15	170	K. Ninomiya (1998) Food Rev.Int.,14(2&3),177-211
King trumpet mushroom	Japan	Mushrooms	0	10		19.5																				
Kintoki carrot		Vegetables				2.3	9.3	4.7	10	26	78	4.2	0.9	14.1	6.4	0	0.9	3.1	3.1	2.2	3.9	0.7	0.7	2.1	16.1	Hinako Ito and Hiroshi Ueno
Kinusaya		Vegetables				1	4.4	8.5	29	80	28	4.6	0.8	7.1	9.7	0	0	4.5	1.6	0.2	3.6	1.2	1.2	2.1	5.2	Hinako Ito and Hiroshi Ueno
Kisslip cattlefish	Japan Ehime	Fishes and Shellfishes				29	9	18	21			52	15	43	19	16	13	13	25	8	8		14	8	201	Y. Hiraoka et al. (2011)  Ehime Prefecture Industrial Technology Institute Research Report 49, 19－22
Kiwifruit	Japan	Fruits				4.72	4.72	1.62	0.59			0.1	0.3	1.15	0.89	0.84	0.77	1.18	1.26	0.82	3.27		0.62	0.18	19.56	K. Ninomiya (1998) Food Rev.Int.,14(2&3),177-211
Komatsuna		Vegetables				13	15	14	20	14	47	21	0.4	4.4	12	0	0	7	5.9	8.8	6.8	7.1	6.1	11	52	Hinako Ito and Hiroshi Ueno
Kombu, makombu, 1st grade	Japan	Algae				1608	823.3	3.33	10.67			49	4	52	6.67		2	4.33	4	5	3		4.33	0.33	4.67	Keiko Hatae,(1994) Nippon　Shokuhin Kogyo Gakkaishi, 41, 755-762
Kombu, Makombu, 1st grade, harvest of 2002	Japan	Algae				3049	1444	19	23			156	7	100	25		13	13	8	18	33		17		0	M. Saitou et al.(2005) Kagawa Nutrition University bulletin 36,71－74
Kombu, Mitsuishi, 1st grade, harvest of 2002	Japan	Algae				1257	351	3	9			44	3	77	18		0	0	2	4	5		3		5	M. Saitou et al.(2005) Kagawa Nutrition University bulletin 36,71－74
Kombu, Naga kombu, 1st grade, product of 2002 or harvested in 2002	Japan	Algae				1399	338	4	10			44	4	86	16		0	0	2	7	4		6		4	M. Saitou et al.(2005) Kagawa Nutrition University bulletin 36,71－74
Kombu, Rausu, 2nd grade, harvest of 2002	Japan	Algae				1909.4	1905.12	16.1	27.1			166	7.1	158	3.2		9.1	11	10	5.1	19.1		4		30.12	M. Saitou et al.(2005) Kagawa Nutrition University bulletin 36,71－74
Kombu, Rishiri, 1st grade	Japan	Pulses		2.1		1904.1	1471.1	9.2	23.6	21.3	7.3	86.8	6.2	93.9	9.5		2.2	2	2	6.8	4.1	0	8	1.2	2.2	M. Higashiguchi et al.（2005）J. for the Integrated Study of Dietary Habits, 15, 4, 253ー260
Kombu, Rishiri, 1st grade, harvest of 2002	Japan	Algae				1904.02	468	26	18.1			116	8	187	28		8.1	9	4	7	03.01		19		6	M. Saitou et al.(2005) Kagawa Nutrition University bulletin 36,71－74
Kombu, Rishiri, 3rd grade, harvest of 1993	Japan Hokkaido	Algae		0.75		1440.05	868.49	9.15	11.8		127.67	64.84	5.34	67.88	3.89	0	1.5	2.24	2.71	7.75	14.01	0	8.37	1.88	1.43	T. Kimura et al. (1996) J. of Home Economics of Japan 47, 5, 453－460
Kuruma prawn	Japan	Fishes and Shellfishes				115	3	10	24.1	18.1		456	816	66	19.1		10.1	7.1	15.1	14.1	5		15	15	629	K. Ninomiya (1998) Food Rev.Int.,14(2&3),177-211
Kuruma prawn, frozen	Japan	Fishes and Shellfishes				36.8	16	0	10.7	23.8	191.9		1754	103.8	11.1		2.8	5.2	11.6	14.5	15	5.7	27	51.1	992	T. Okutsu et al.(2010) Marine technology 3, 1, 37-41
Kuruma prawn, frozen	Taiwan	Fishes and Shellfishes				30	4	56	82	61	184	533	390	118	63	2	48	41	78	32	40	0	105	25	668	K. Takada et al. (1988) Nippon Suisan Gakkaishi 54, 12, 2173-2179
Lamb chop	New Zealand	Meats	0			15.2	19	27	31.1	15	2.3	18.1	4.2	13.3	1.2	0	18	23	40	18	21.1	6	12.2	15	29.1	Umami Information Center
Lemon	Japan	Fruits				9.3	46.1		20.6	43.7	3.3	15.4	1.1	10.9	1.5					1.1	2.5		1.4		5.1	T. Suzuki et al. (1976) Food Research Institute Report, 31, 42-70
Lemonbalm		Vegetables				9.1	3	4.9	5.7	21	102		0.4	2.5	5.7	0	0	4.2	2.7	2.7	3.3	1.2	0.8	0.3	2.8	Hinako Ito and Hiroshi Ueno
Lentil	Egypt	Pulses				158	73	0	0	153	0	8	7	19	11	0	1	2	2	3	4	2	5	13	84	
Lettuce center	Japan	Vegetables				10	3	7	10	66	282			5	5			7	7		4			3	5	K. Ninomiya (1998) Food Rev.Int.,14(2&3),177-211
Lettuce outer leaves	Japan	Vegetables				7	2	3	2	51	73			2	0			2	1		1		0	0	1	K. Ninomiya (1998) Food Rev.Int.,14(2&3),177-211
Lettuce whole	Japan	Vegetables				14.2	6.1	4.1	14.1	73	3.6	5	0	6.1	5.1	0	0	4.1	4.1	1.1	1.1	0	2.1	5	15.1	K. Ninomiya (1998) Food Rev.Int.,14(2&3),177-211
Lettuce, butterhead	Japan	Vegetables				30.5	24.4	6.1	8.5	34.5	21.2		0.4	12.7	7.6			5.5	6.7	1.4	7.3		2.2		7.7	T. Suzuki et al. (1976) Food Research Institute Report, 31, 42-70
Lily bulb		Vegetables				6.5	7.5	1.2	1.8	6.1	41		22	1.8	1.1	0	0.8	0.6	1	0.9	1.1	0.8	1.7	2	154	Hinako Ito and Hiroshi Ueno
Little pumpkin		Vegetables				1.3	25.1	5.1	8.6	13	18.3		0.5	3.6	2.8	0	2.1	2.8	6	5.1	2.9	0	0.7	14	20	Hinako Ito and Hiroshi Ueno
Loquat	Japan	Fruits				13.9	9.3	0	1.3	32.4	9.1			3.7	1.2											T. Suzuki et al. (1976) Food Research Institute Report, 31, 42-70
Lotus root	Japan	Vegetables				12.4	2.2	13	23	1079	0	12	1.1	15	25	0	16	13	7	15	4.1	3.1	12.1	17	206	K. Ninomiya (1998) Food Rev.Int.,14(2&3),177-211
Lotusroot		Vegetables				5.4	8.9	19	21	211	257		3.2	44	25	0	11	15	11	34	8.2	9.6	8.8	16	157	Hinako Ito and Hiroshi Ueno
Macambo	Peru	Fruits				222	39	24	20	11	15	12	9	163	20	0	3	9	11	5	7	3	15	7	7	
Macambo Pulp	Peru	Fruits				99	89	22	29	11	0	9	9	183	17	0	4	4	9	4	6	2	10	9	3	
Macambo Seeds	Peru	Fruits				107	70	7	12	9	7	5	4	66	15	0	3	6	8	21	9	8	14	12	24	
Mackerel	Japan	Fishes and Shellfishes	282			18	0	11	6			26	7	26	16		2	7	14	7	4		93	676	11	S. Kounosu et al（1974）Bulletin of Japanese Society of Scientific Fisheries, 40, 9, 909-915
Mafugu/ puffer	Japan	Fishes and Shellfishes	179			4	1	10	4			13	20	22	2		0	2	3	2	1		128	1	20	S. Kounosu et al（1974）Bulletin of Japanese Society of Scientific Fisheries, 40, 9, 909-915
Makombu	Japan	Algae				2980	760	10	20		0	70	0	180	10	0	0	0	0	0	0	0	0	0	0	
makonbu kelp	Japan	Algae				1608	823.3	3.33	10.67			49	4	52	6.67		2	4.33	4	5	3		4.33	0.33	4.67	K. Ninomiya (1998) Food Rev.Int.,14(2&3),177-211
Maldive fish	Sri Lanka	Seasonings and Spices				17.2	29.1	28.1	14.1			17.1	19	12.4	5.2	0	19	19.1	55	5.2	6.2	4	25.3	1240	9.2	Y. Yoshida (1998) Food Rev. Int.,14(2&3),213-246
Malt vinegar	Japan	Seasonings and Spices				2.1	1.2	2.2	2.8			11.8	3	7.9	3.5		0.8	2.3	3.1	1.2	1.9		1.7	0.4	1.3	Y. Tamura et al (2004) J. Brew.Soc. Japan 99, 3, 202－207
Manganji Amato		Vegetables				1.6	3	5.3	8.9	43	111		0.6	1.5	3	0	0	2	1.4	2.8	2.9	0.9	1.2	16	7.3	Hinako Ito and Hiroshi Ueno
Meichi, fermented bamboo shoot	Myanmar	Seasonings and Spices				77	0	30.12	0			17	23	103	31.1	46	10	20.1	9.2	30.12	25.1		30.12	30.12	3.1	Y. Yoshida (1998) Food Rev. Int.,14(2&3),213-246
Mint		Vegetables				19	13	5.2	12	30	20		0	7	3.6	0	0	3.3	2.5	1.7	9.6	0	3.6	2.4	1.7	Hinako Ito and Hiroshi Ueno
Mirin	Japan	Seasonings and Spices				33	32	12	24			14	16	25	21	0	5	14	31	22	19	1	7	3	25	
Mirin, Japanese sweet rice wine	Japan	Seasonings and Spices				36	20	10	15			11	11	19	15	0	6	10	22	13	12	0	9	4	16	A. Kobayasi et al.(1991)  Brew thing  Encyclopedia of the seasoning and spice p．313
Miso, soybean paste, Echigo red miso made from soybean and rice	Japan Niigata	Seasonings and Spices				350	250	100	160	0	0	140	80	170	150	0	40	150	290	140	170	0	210	30	290	Umami Information Center
Miso, soybean paste, Echigo white miso made from soybean and rice	Japan Niigata	Seasonings and Spices				290	170	90	130	0	110	110	60	130	120	0	40	110	240	110	150	20	230	40	310	Umami Information Center
Miso, soybean paste, Haccho miso	Japan	Seasonings and Spices				990	460	260	570			640	470		500		180	730	590	270	330	25	450	90	50	K. Ishii (1966) J. OF THE BREWING SOCIETY OF JAPAN ,61 ,4 , 314-317
Miso, soybean paste, kome miso	Japan	Seasonings and Spices				340	190	70	120	0	10	120	80	140	120	3	30	120	210	140	170		170	40	210	K. Ooki et al. (2000) Kyoto Prefectural University report of art and science  Human environment science and agriculture , 52, 1-6
Miso, soybean paste, kome miso	Japan Nagano	Seasonings and Spices				241	121	55	86	0	102	24	39	97	45	0	30	92	167	98	96	0	148	28	197	M. Mori (2011) Doctoral dissertation of Iwate University
Miso, soybean paste, mame miso	Japan Ehime	Seasonings and Spices				371	141	122	160	0	0	5	83	192	170	0	27	172	300	112	152	0	158	51	185	M. Mori (2011) Doctoral dissertation of Iwate University
Miso, soybean paste, moromi	Japan	Seasonings and Spices				31	327		87					146	88			78	134		72		80		76	T. Sumino (2014) J. of Cookery Science of Japan 47, 3, 183-186
Miso, soybean paste, mugi miso	Japane Nagasaki	Seasonings and Spices				29	149	57	103	0	0	15	56	105	97	0	22	118	161	92	91	0	137	20	206	M. Mori (2011) Doctoral dissertation of Iwate University
Miso/soybean paste, Echigo kome miso	Japan Nagano	Seasonings and Spices				380	290	110	170		0	180	90	190	170	0	40	170	320	160	200	0	230	40	280	Umami Information Center
Miso/soybean paste, Kumamoto mugi miso	Japan Kumamoto	Seasonings and Spices				670	280	140	210		0	220	110	210	190	0	50	180	350	120	220	30	300	10	250	Umami Information Center
Miso/soybean paste, Kyoto shiromiso	Japan Kyoto	Seasonings and Spices				220	200	90	140		200	70	70	130	110	0	40	100	200	110	140	30	180	50	250	Umami Information Center
Miso/soybean paste, sendai miso	Japan Miyagi	Seasonings and Spices				280	180	63	109		0	144	58	126	100	0	24	89	188	99	109	3	168	22	192	Umami Information Center
Miso/soybean paste, Shinshu akamiso	Japan Nagano	Seasonings and Spices				320	310	80	130		0	210	70	180	130	0	20	120	210	130	120	0	140	20	110	Umami Information Center
Miso/soybean paste, Tokai mame miso	Japan Aichi	Seasonings and Spices				6.10	20.11	14.1	3.6		30.12	480	240	25.3	24.5	0	9.5	3.6	20.3	13.2	14.4	10	3.6	8.6	24.5	Umami Information Center
Mitsuba stem and leaves	Japan	Vegetables				30.6	11.4	2.1	7.8	40.7	7.5	0	0.3	3.4	6.6	0	1.8	3.9	2.9	2.5	6.6	2	3.5	3.1	3.1	T. Kiuchi et al. (1984) Hiroshima Women's University domestic science department bulletin, 20, 65-77
Morel mushroom, dried	France	Mushrooms	0	40		311	28	27.2	8.4			26	20	181	28.1	0	1.1	10.1	9.1	37	10	4	9.4	14.2	26.9	K. Ninomiya (1998) Food Rev.Int.,14(2&3),177-211
Mugwort		Vegetables				26.1	18.1	3.8	9.4	24	18		0.9	7	3.7	0	1.1	3.7	2.6	0	6.1	30.12	2.4	2.1	3.2	Hinako Ito and Hiroshi Ueno
Mustard green		Vegetables				3.9	3.7	7	5.3	14.1	2.5		0.6	3	7.5	0	0.5	3.3	1	2	9.9	5.2	1.4	2.6	19.1	Hinako Ito and Hiroshi Ueno
Myoga		Vegetables				0.2	0.4	0.6	31.12	2.6	4.2		0.2	31.12	0.3	0	0	0.3	0.2	0.3	0.3	0	0	0.5	1.5	Hinako Ito and Hiroshi Ueno
Myoga, Japanese wild ginger	Japan	Vegetables				11.8	13.5	4.8	12.8	20.1	18.3	8.8	5.6	5.5	7.8			4.4	4.7	1.8	5.1		0.6	0.3	2.4	T. Suzuki et al. (1976) Food Research Institute Report, 31, 42-70
Nagaimo		Potatoes and Starches				3.3	7	6.8	48	5.1	272		6.3	14.1	1.6	0	30.12	0.9	0.4	0	0.7	30.12	1.6	2.2	54	Hinako Ito and Hiroshi Ueno
Nalta jute		Vegetables				3.9	22	9.4	12	85	63		1.4	8.7	8.1	0	3.4	3.4	2.8	1	8.9	6.7	3.9	6.4	35	Hinako Ito and Hiroshi Ueno
Natto	Japan	Pulses				760	110	150	180	0	30	210	140	180	310	0	120	340	690	400	600		200	340	60	
Natto, fermented soy beans, Korea	Korea	Pulses				430.47	103.4	90.88	10.34		10.07	44	74.08	258.35	139.35		58.92	119.77	272.43	10.3	199.99		192.48	78.69		
Natto, fermented soy beans, Korea	Korea	Seasonings and Spices				310.29	50.19	35.27	35.58		7.85	12.27	24.03	72.99	44.44		23.88	45.13	128.6	56.34	71.38		57.74	33.56	43.97	
Nori/dried laver	Japan	Algae	17.32			629.36	312.5	29.7	29.13			20.42	23.61	1547.54	34.3	0	2.92	0.28	29.87	15.8	17.85	5.96	20.13	9.12	32.71	Umami Information Center
Nutritional yeast	USA	Seasonings and Spices	0	30		2830	560	60	80	0		370	30	820	200	0	0	40	30	20	20	0	50	20	60	
Ocellated octopus ink	Japan	Fishes and Shellfishes	0.3			74.4	42.2	38	43.5			39.3	31	52.1	42.5	14.9	21.5	45.9	76	158.4	44.1		83.9	18.3	105.3	H. Yamanaka et al (1998) J. of Cookery Science of Japan 31, 3, 206-213
Octopus	Japan Ehime	Fishes and Shellfishes				27	11	7	13			30	11	23	7	0	14	7	16	6	8		16	5	188	Y. Hiraoka et al. (2011)  Ehime Prefecture Industrial Technology Institute Research Report 49, 19－22
Octopus ink	Japan	Fishes and Shellfishes				71.8	26	28.9	29.5			34.2	25.3	63.5	33.3	0	15	34.2	53.6	42.8	18.3		58.6	1.4	47.2	H. Yamanaka et al (1998) J. of Cookery Science of Japan 31, 3, 206-213
Okinawa spinach		Vegetables				2	9.7	4.6	5.9	34	30		0	2.4	3.7	0	0	2.7	1.9	1.7	5.4	3.8	1.6	3.4	9.4	Hinako Ito and Hiroshi Ueno
Okra	Japan	Vegetables				93.2	96.8	12.1	26.4	261	121.9	12.3	5	35	27.1			9.2	4.5	8.7	23		4.9		28.1	T. Suzuki et al. (1976) Food Research Institute Report, 31, 42-70
Okra		Vegetables				1.3	8.9	5.3	8.5	64	205		1.3	6.2	5.9	0	0	2.7	1.1	2.6	2.5	1.3	2.1	4	34	Hinako Ito and Hiroshi Ueno
Olive oil, extra virgin	Italy	Fats and Oils				0	0	0	0			0	0	0	0	0	0	0	0	0	0	0	0	0	0	Umami Information Center
Onion	Japan	Vegetables				51	10	58	6	65	114	17	3	7	23	0	4	3	12	13	8	9	37	14	200	K. Ninomiya (1998) Food Rev.Int.,14(2&3),177-211
Onion		Vegetables				2.5	2.4	34	7	8.5	66		0.4	2.1	0.5	0	0.4	0.7	3	3.8	4.8	3	4.4	5.9	49	Hinako Ito and Hiroshi Ueno
Oyster mushroom, dried	Japan	Mushrooms	0	10		314	85	38	91			46	26	253	36	7	5	21	31	58	41	8	21	13	14	K. Ninomiya (1998) Food Rev.Int.,14(2&3),177-211
Oyster sauce	China	Seasonings and Spices				2670	20	15	5			80	180	140	10	0	0	5	10		5		10	5		Y. Yoshida (1998) Food Rev. Int.,14(2&3),213-246
Oyster sauce	Thailand	Seasonings and Spices				900	240	80	120			160	90	150	80	0	20	50	110	40	100		100	50	110	Y. Yoshida (1998) Food Rev. Int.,14(2&3),213-246
Pacific cod	Japan Ehime	Fishes and Shellfishes				7	1	25	3			2	27	15	2	0	1	1	2	2	2		33	4	7	Y. Hiraoka et al. (2011)  Ehime Prefecture Industrial Technology Institute Research Report 49, 19－22
Pacific flying squid	Japan Ehime	Fishes and Shellfishes				32	2	22	17			1088	413	300	12	1	19	5	13	5	7		14	24	209	Y. Hiraoka et al. (2011)  Ehime Prefecture Industrial Technology Institute Research Report 49, 19－22
Pacific saury, fishing in October	Japan	Fishes and Shellfishes				18.3	1	1.8	2.8	0	3.8	0	9.4	13.6	3.5	0	1.5	1.9	3.7	2.2	1.9	0	18.2	734.7	1.3	T. Aoki et al. (2000) J. for the Integrated Study of Dietary Habits, 10, 4, 26-35
Paprika orange		Vegetables				1.3	5	5	7.1	30	75		0.7	1.1	2.5	1	0	1.2	1.5	1.3	3.1	1.3	0.7	1.9	5.7	Hinako Ito and Hiroshi Ueno
Paprika red		Vegetables				1.9	9.7	7.3	10.7	31	74		0.8	3.3	4	0	0	1.4	1.9	1.4	3.3	0	1.4	3.7	6.4	Hinako Ito and Hiroshi Ueno
Paprika yellow		Vegetables				0.9	4.1	5	6.8	31	69		0.8	1.7	3	0	0	1.4	1.5	1.3	3.5	1.2	0.7	1.5	9.6	Hinako Ito and Hiroshi Ueno
Parmigiano reggiano	Italy	Milks				1180	260	270	500	290	0	680	150	180	530	0	180	490	700	250	360	50	790	200	10	
Parsley		Vegetables				3.8	4.8	22	26	98	231		0.1	1.8	14	0	8.1	7.3	3.2	10	33	7.1	1.4	11	18	Hinako Ito and Hiroshi Ueno
Parsley	Japan	Vegetables				69	107.2	24.2	15.8	37.8	19	0	1.9	8.6	26.5			19.9	10.9	11.2	27.8		10.1	0	7.1	T. Suzuki et al. (1976) Food Research Institute Report, 31, 42-70
Peach	Japan	Fruits				15.7	20.5	6.1	18.7	269.4	7.7	0	1.5	24.4	5.3			3.6	0.4	0	1.8		0	1.3	0	T. Suzuki et al. (1976) Food Research Institute Report, 31, 42-70
Pearl oyster scapular	Japan　Ehime	Fishes and Shellfishes				0	2	6	5				26	46	14	0	4	4	4	3	3		21	4	295	Y. Hiraoka et al. (2011)  Ehime Prefecture Industrial Technology Institute Research Report 49, 19－22
Peaso	Denmark	Seasonings and Spices				218	194	45	310			139	67	402	193	28	17	249		134	138		413	47	253	Ole G. Mouritsen, Lars Duelund, Ghislaine Calleja, et al. Ile=Ile+Leu
Perilla/Shiso	Japan	Vegetables				44.5	48.1	2.6	6.6	32.5	3.6		0.7	11	7.4			1.7	2.2	2.9	3.7		1.7		4.1	T. Suzuki et al. (1976) Food Research Institute Report, 31, 42-70
Persimmon	Japan Toyama	Fruits				7.9	14.2	11.2	6.8			1	1	2.7	6.4	0.5	0	4.3	5	3.2	6.1	4.7	0.4	2.1	9.7	
Persimmon, dried	Japan Toyama	Fruits				3.8	17.1	16.3	12.3			7.6	4	19.2	9.3	1.2	0	5.7	7.5	4.2	11.2	10.4	0.8	1.7	13	M. Kashima et al. (2010) Bulletin of the Food Research Institute, Toyama Prefectural Agricultural, Forestry and Fisheries Research Center 1, 13-22
Persimmon, Mizushima gaki, sweet,	Japan Toyama	Fruits				1.4	3.9	0.5	0.6			0	0.4	0.6	0.5	0.2	0	0.1	0.2	0	0	0	0	0	0.2	M. Kashima et al. (2010) Bulletin of the Food Research Institute, Toyama Prefectural Agricultural, Forestry and Fisheries Research Center 1, 13-22
Persimmon, Sanjyagaki, astringent	Japan Toyama	Fruits				2.2	8.6	4	25			0	0.5	1.1	1.5	0	0	0.8	0.9	0.8	1.4	2.7	0.1	0.6	5.1	M. Kashima et al. (2010) Bulletin of the Food Research Institute, Toyama Prefectural Agricultural, Forestry and Fisheries Research Center 1, 13-22
Pink shrimp, frozen	Argentina	Fishes and Shellfishes				36	2	20	36	29	87	340	698	126	24	4	18	18	30	17	16	0	33	14	563	K. Takada et al. (1988) Nippon Suisan Gakkaishi 54, 12, 2173-2179
Pink shrimp, frozen	Brazil	Fishes and Shellfishes				21	2	20	40	24	83	285	415	63	19	3	8	14	25	12	11	0	25	15	418	K. Takada et al. (1988) Nippon Suisan Gakkaishi 54, 12, 2173-2179
Pink shrimp, frozen	Nigeria	Fishes and Shellfishes				22	1	26	38	38	108	283	708	80	24	4	17	15	27	11	12	0	26	17	518	K. Takada et al. (1988) Nippon Suisan Gakkaishi 54, 12, 2173-2179
Plum, Inazumi	Japan Toyama	Fruits				10.6	10.6	2.7	7.6			1.7	0.3	3.6	1.7	0	0.2	1.4	1.2	0.2	0.4	0	0.2	0.7	0.8	M. Kashima et al. (2010) Bulletin of the Food Research Institute, Toyama Prefectural Agricultural, Forestry and Fisheries Research Center 1, 13-22
Polished rice, Japonica	Australia	Cereals				3.92	03.06	0.2	0.88	5.8		0.46	0.46	1.66	0.27	0.15	0.09	0.1	0.12	0.16	0.11		0.15	0.13	0.48	K.Aida et al (1995) J. of Home Economics of Japan 46, 871-875
Polished rice, Japonica	USA California	Cereals				3.89	2.4	0.2	0.66	4.66		0.54	0.5	2.19	0.34	0.18	0.12	0.14	0.18	0.16	0.16		0.17	0.13	0.46	K.Aida et al (1995) J. of Home Economics of Japan 46, 871-875
Polished rice, Japonica	China	Cereals				9.33	8.76	0.55	2.28	6.33		0.73	0.76	3.24	0.81	0.46	0.13	0.32	0.31	0.42	0.25		0.36	0.3	0.93	K.Aida et al (1995) J. of Home Economics of Japan 46, 871-875
Polished rice, Koshihikari	Japan Toyama	Cereals				1.7	1.5	0.2	0.9			0	0.4	1.7	0.2	0	0	0	0.1	0.2	0	0	0.1	0	0.3	M. Kashima et al. (2010) Bulletin of the Food Research Institute, Toyama Prefectural Agricultural, Forestry and Fisheries Research Center 1, 13-22
Polished rice, Koshihikari	Japan	Cereals				16.26	8.89	0.8	2.94				1	3.94	1.36			1.1		1.74	1.1		0.56	0	0	K. Saegusa et. al (1993)Japanese Journal of Crop Science 62, No. Supplement 1, 286-287
Polished rice, Koshihikari	Japan	Cereals				5.94	5.75	0.25	1.15			0.21	0.37	1.58	0.33	0.24	0.09	0.11	0.14	0.21	0.13		0.23	0.17	0.94	K.Aida et al (1995) J. of Home Economics of Japan 46, 871-875
Porcon Mushroom	Peru	Mushrooms				738	61	89	124	0	210	60	41	238	70	0	0	38	43	50	34	36	58	51	213	Umami Information Center
Pork stored for 1 days after butchery in refrigerator	Japan	Meats	260.01			3.53	0.93	3.34	2.94	1.85	18.85	3.45	8.93	18.09	4.69	0.24	1.34	03.02	4.72	2.72	2.48		3.8	1.86	2.61	K. Ninomiya (1998) Food Rev.Int.,14(2&3),177-211
Pork stored for 6 days after butchery in refrigerator	Japan	Meats	225.5			9.12	2	5.12	6.31	4.23	19	04.03	10.96	21.47	6.56	0.72	4.18	4.85	8.53	5.44	4.96		6.29	2.79	5.92	K. Ninomiya (1998) Food Rev.Int.,14(2&3),177-211
Potato		Potatoes and Starches				9.3	13	7.5	8.6	58	70		1.6	2.4	18	0	5	4.6	3.4	14	11	3.5	13	12	31	Hinako Ito and Hiroshi Ueno
Potato, Danshaku	Japan Hokkaido	Potatoes and Starches				44.1	43.6	11.3	13.7	347.9	90.6	18.6	3.4	8.2	24.3		7.9	5.3	2.5	9.3	0.4		25.4	7.5	23.3	A. Furudate et al (2001) J. of Home Economics of Japan 52, 71-74
Potato, Mayqueen	Japan Hokkaido	Potatoes and Starches				33.6	30.5	9.3	8.8	212.2	55.8	7.6	1.7	5.8	19.4		8.1	5.4	2.1	7.9	0.8		16.8	5.6	18.9	A. Furudate et al (2001) J. of Home Economics of Japan 52, 71-74
Potherb mustard		Vegetables				11	8.3	4.5	3.3	12	31		0.7	3	4.6	0	0	2.7	1.3	1.7	2.9	1.1	3.2	4.7	16	Hinako Ito and Hiroshi Ueno
Propagule		Vegetables				12	16	6.9	44	8.6	3.5		3.4	5.8	4.2	0	0.8	2.8	1.8	0.8	3	4.1	2.1	5	24	Hinako Ito and Hiroshi Ueno
Psenopsis/Japanese butterfish	Japan　Ehime	Fishes and Shellfishes				14	11	6	5			5	8	14	8	0	3	5	9	4	5		12	25	5	Y. Hiraoka et al. (2011)  Ehime Prefecture Industrial Technology Institute Research Report 49, 19－22
Radish		Vegetables				1.9	3.7	4.1	3.9	7.2	24		1.1	4.1	5	0	0	2.2	1.5	3	1.6	0	2.2	2	3.2	Hinako Ito and Hiroshi Ueno
Red beets	Japan	Vegetables				59	25	11	24			2	9	39	13	0	1	19	14	2	1	4	4	4	3	source:Umami Information Center
Red sea bream	Japn Ehime	Fishes and Shellfishes				11	0	9	0			5	7	9	1	0	0	1	1	2	1		59	30	19	Y. Hiraoka et al. (2011)  Ehime Prefecture Industrial Technology Institute Research Report 49, 19－22
Red turnip, Akakura	Japan Aichi	Vegetables				34	5.1	3.4	7.2	5.3	56.6	5.4	2.1	11.8			2	3.1	1.7	1.8	2.4	0	2	3	1.6	K. Ishikawa et al (2010) Aichi Prefecture Industrial Technology Institute Research Report 76-79
Rice bran, Koshihikari	Japan	Cereals				132.28	72.5	5.58	20.82				05.08	25.84	4.84			2.58		3.84	2.62		5.36	2.9	5.6	K. Saegusa et. al (1993)Japanese Journal of Crop Science 62, No. Supplement 1, 286-287
Rice germ, Koshihikari	Japan	Cereals				231.96	114.92	11.24	30.5				7.6	40.4	9.32			5.2		7.7	4.14		14.06	6.86	28.56	K. Saegusa et. al (1993)Japanese Journal of Crop Science 62, No. Supplement 1, 286-287
Rice vinegar	Japan	Seasonings and Spices				50.1	5.4	3.9	4.2			3.3	12	14.6	6.3		1.1	4.1	7.7	4.9	4.2		3	2.1	5.8	Y. Tamura et al (2004) J. Brew.Soc. Japan 99, 3, 202－207
Rice, Indica, polished	Thailand	Cereals				1.34	0.45	0.09	0.22	2.14		0.21	0.33	0.72	0.23	0.41	0.11	0.15	0.11	0.18	0.12		0.06	0.05	0.09	K.Aida et al (1995) J. of Home Economics of Japan 46, 871-875
Roasted green tea/Hoji cha, leaf	Japan	Beverages				16.7	27.2	3.2	10.3				1	3.9	1.1			0.9	0.6	1.1	1.1		1.4	0.9	14.6	Society for the Study of Tea-Making(1973) Tea Research Journal 40, 58-66
Rocket salad		Vegetables				1.5	4.9	5.9	9.6	7.1	137		0.8	5.2	6.6	0	0.2	3.4	1.9	1.3	3.5	2.8	1.4	1.6	7.1	Hinako Ito and Hiroshi Ueno
Rockfish, Kichiji	Japan	Fishes and Shellfishes				5.6	1	5.2	2.8	0	0	5.1	21.6	7.8	0.6	0	0.9	1	0.8	0.8	0.7	0	13.2	1.7	9.5	T. Aoki et al. (2000) J. for the Integrated Study of Dietary Habits, 10, 4, 26-35
Romaine lettuce	Japan Ibaragi	Vegetables				21	11	9	10	65	76	4	0	9	10	0	0	10	10	5	8	4	5	5	19	Umami Information Center
Sake lees	Japan Niigata	Seasonings and Spices	0	0		172	151	64	82	27	58	63	84	200	95	0	25	74	111	70	67	21	104	46	109	
Sake lees, daiginjo	Japan Niigata	Seasonings and Spices	0	0		272	241	86	106	5	57	85	113	283	128	0	37	103	151	87	88	29	149	68	157	
Sakura shrimp/Sergia lucens, dried	Japan Shizuoka	Fishes and Shellfishes	190			490	90	180	190			1580	550	710	260	0	120	180	350	190	170	40	310	40	1480	source:Umami Informasion Center
Sakura shrimp/Sergia lucens, raw	Japan Shizuoka	Fishes and Shellfishes	40	0		106	21	51	48	23	77	386	132	232	78	3	42	56	95	58	56	13	91	30	314	source:Umami Informasion Center
Salad spinach		Vegetables				13	17	6.4	8	14	24		0.9	5.8	8.2	0	0	5.8	8.6	7.5	6.9	2.5	2.7	8.2	11	Hinako Ito and Hiroshi Ueno
Salmon (fishing in July)	Japan	Fishes and Shellfishes				9.8	1.7	6	4.3	1.7	2.3	4	7.4	33.6	8.8	1.1	2.8	3.9	8.1	9.1	5.7	0.7	13.2	169.8	4.6	T. Aoki et al. (2000) J. for the Integrated Study of Dietary Habits, 10, 4, 26-35
Salmon (fishing in September)	Japan	Fishes and Shellfishes				32.3	2.6	7.4	8.8	0.8	4.7	4.7	20.1	41.4	8.2	1.2	4.7	5.5	7.3	7	4.6	0.7	25.8	22.4	11.1	T. Aoki et al. (2000) J. for the Integrated Study of Dietary Habits, 10, 4, 26-35
Salmon roe	Japan	Fishes and Shellfishes	2.7			23.5	12.4	6.6	14			3.2	4	8.9	9.6		3.1	8.6	11.7	5.6	7.6		9	2.1	6.6	S. Fuke et al (1991)physiology & Behavior, 49, 863-868
Salted squid guts, fermented for 0 days	Japan	Fishes and Shellfishes				84	44	39	32	36		380	75	102	45	39	42	46	96	49	54		60	78	141	Shiokara・Kusaya・katsuobushi, Tateo Fujii, Kouseusyakouseikaku, 2001. salt content:13.7%
Salted squid guts, fermented for 33 days	Japan	Fishes and Shellfishes				546	298	153	145			432	146	270	212	46	172	225	444	162	209		331	124	393	Shiokara・Kusaya・katsuobushi, Tateo Fujii, Kouseusyakouseikaku, 2001. salt content:13.7%, preserved at 10℃
Salted squid guts, fermented for 67 days	Japan	Fishes and Shellfishes				621	366	186	180			465	156	336	288	47	221	293	534	199	246		451	145	473	Shiokara・Kusaya・katsuobushi, Tateo Fujii, Kouseusyakouseikaku, 2001. salt content:13.7%, over aged, preserved at 10℃
Satsuma mandarin	Japan	Fruits				10.3	24.3	2.6	13	29.1	9.1	16.2	0.8	11.1	1.1			0.4	0.4	0.8	2		5.2	0.6	20.8	T. Suzuki et al. (1976) Food Research Institute Report, 31, 42-70
Sauce	UK	Seasonings and Spices				33	25	3	4			10	3	10	5		0	2	3	2	4		2	2	3	
Scallop	Japan	Fishes and Shellfishes	0			140	4	16	8			51	1925	256	8	4	3	2	3		2		5	2	323	K. Ninomiya (1998) Food Rev.Int.,14(2&3),177-211
Scallop, dried	Hong Kong	Fishes and Shellfishes	0	99.2		139.4	3.7	24.4	14.7	0	0	189.2	2828.3	292.7	26.3	0	9.4	15.4	16	11.4	9.44	15.7	42.1	0	1452.8	Umami Information Center
Scorpionfish	Japan Ehime	Fishes and Shellfishes				5	1	3	2			2	11	9	3	0	0	2	3	2	1		5	2	3	Y. Hiraoka et al. (2011)  Ehime Prefecture Industrial Technology Institute Research Report 49, 19－22
sea lettuce	Japan	Algae	10			166	30	8	17			60	10	50	10	0	2	5	7	4	4	2	6	2	220	
Sea urchin	Japan	Fishes and Shellfishes	2			103	4	68	130			26	842	261	154	12	47	100	176	158	79	39	215	54	316	K. Ninomiya (1998) Food Rev.Int.,14(2&3),177-211
Shiitake mushroom	Japan	Mushrooms	0	20		131																				
Shiitake mushroom, dried	Japan	Mushrooms		4.7		343.8	67.5	53.6	45.7	37.6	188.21	27.9	29.5	100.9	45.1		7.5	21.3	34.44	29.9	28.8	15.3	31.3	19	38.3	M. Higashiguchi et al.（2005）J. for the Integrated Study of Dietary Habits, 15, 4, 253ー260
Shio-koji A	Egypt	Seasonings and Spices			77	41	22	25			14		14	36	35	0	10	27	54	35	32	6	37	11	57	Umami Information Center
Shrimp paste Kapi	Cambodia	Seasonings and Spices				1140.21	580.92	370.8	250.29			129.78	519.12	769.41	550.02	0	339.9	398.61	831.21	420.24	321.36	0	988.8	151.41	0	Y. Yoshida (1998) Food Rev. Int.,14(2&3),213-246
Shrimp paste Kapi	Thailand	Seasonings and Spices				1647.28	1047	104.7	83.76			411.82	764.31	1186.6	666.59	743.37	349	565.38	945.79	596.79	425.78	0	1099.35	132.65	38.39	Y. Yoshida (1998) Food Rev. Int.,14(2&3),213-246
Shrimp paste Ngapi senza	Myanmar	Seasonings and Spices				1360.4	953.8	387.6	83.6			148.2	345.8	851.2	497.8	140.6	262.2	402.8	771.4	661.2	280	106.4	813.2	79.8	64.6	Y. Yoshida (1998) Food Rev. Int.,14(2&3),213-246
Shrimp paste, Nappi	Bangladesh	Seasonings and Spices				989.8	529.24	202	88.88			48.48	290.88	1030.2	469.64		161.6	420.16	569.64	0	169.68	319.16	731.24	48.48	0	Y. Yoshida (1998) Food Rev. Int.,14(2&3),213-246
Shrimp paste, Terasi	Indonesia	Seasonings and Spices				1508.56	872	501.4	361.88			0	627.84	1028.96	771.72	0	340.08	688.88	1281.84	610.4	470.88	0	1190.28	0	200.56	Y. Yoshida (1998) Food Rev. Int.,14(2&3),213-246
Shrimp-shaped taro	Japan Shizuoka	Potatoes and Starches				8	18	3	10	23	5	1	0	2	4	0	0	4	5	4	4	2	3	2	14	source:Umami Information Center
Skipjack tuna, bloody or dark part	Japan Ehime	Fishes and Shellfishes				6	1	3	6			1	32	48	6	0	1	2	4	2	2		5	235	1	Y. Hiraoka et al. (2011)  Ehime Prefecture Industrial Technology Institute Research Report 49, 19－22
Skipjack tuna, bonito	Japan	Fishes and Shellfishes				8.8	1.2	5	4.6	0	3.4	0	11.5	21.5	6.2	0	41.1	3.8	7.4	8	5.1	2.5	17.5	510.4	3	T. Aoki et al. (2000) J. for the Integrated Study of Dietary Habits, 10, 4, 26-35
Snap peas	Japan	Vegetables				19	19	204	251	407	545	31	146	119	65	0	26	25	13	5	9	0	35	23	76	K. Ninomiya (1998) Food Rev.Int.,14(2&3),177-211
Snap peas	Japan	Vegetables				18	14	43	115	294	48	3	4	88	27	0	0	8	4	1	6	2	7	8	42	
Snow crab Leg meat female	Japan	Fishes and Shellfishes				11	6	4	3	10		154	253	74	6		5	5	8	5	5	0	8	5	292	K. Ninomiya (1998) Food Rev.Int.,14(2&3),177-211
Snow crab Leg meat male	Japan	Fishes and Shellfishes				19	10	14	17			327	623	187	30		19	29	30	19	17	10	25	8	579	K. Ninomiya (1998) Food Rev.Int.,14(2&3),177-211
Snow crab ovary	Japan	Fishes and Shellfishes				22	8	18	19	44		85	172	114	51		30	48	67	50	50	12	80	11	224	K. Ninomiya (1998) Food Rev.Int.,14(2&3),177-211
Snow crab Ovary	Japan	Fishes and Shellfishes				16	5	8	8	32		40	101	52	12		8	9	13	55	17	105	53	10	277	K. Ninomiya (1998) Food Rev.Int.,14(2&3),177-211
Soba soup base	Japan	Seasonings and Spices	50			725	100	42	61			60	37	103	58	0	14	51	80	10	46	2	58	54	49	
Soba soup base	Japan	Seasonings and Spices	60			784	62	40	54			50	30	67	57	0	15	51	81	11	48	2	55	35	48	
Soba soup base	Japan	Seasonings and Spices	30			1980	132	70	94			93	113	109	98	0	25	90	140	20	82	4	94	42	97	
Soy sauce	Taiwan	Seasonings and Spices				733	416	181	271	20		271	345	446	287	7	69	222	345	61	113		356	100	170	Huifeng Ren et al (1993) Nippon Suisan Gakkaishi 59, 11, 1929-1935
soy sauce koikuchi	Japan	Seasonings and Spices				980	620	280	370			350	210	370	380	0	90	350	510	70	320	10	400	130	460	Umami Information Center
Soy sauce shiroshoyu	Japan	Seasonings and Spices				460	105	71	1113			162	70	113	103	0	29	88	150	68	93	8	86	36	55	Umami Information Center
Soy sauce, 1st grade	China Harbin	Seasonings and Spices				436	271	142	196	41		225	102	281	216	0	46	150	230	80	59		324	68	130	Huifeng Ren et al (1993) Nippon Suisan Gakkaishi 59, 11, 1929-1935
Soy sauce, 1st grade	China Kanton	Seasonings and Spices				236	215	111	129	38		205	115	468	176	2	37	129	226	56	67		294	53	61	Huifeng Ren et al (1993) Nippon Suisan Gakkaishi 59, 11, 1929-1935
Soy sauce, 2nd grade	China Dalian	Seasonings and Spices				228	192	95	131	21		120	55	159	149	12	42	131	223	102	118		115	42	132	Huifeng Ren et al (1993) Nippon Suisan Gakkaishi 59, 11, 1929-1935
Soy sauce, 2nd grade	China Harbin	Seasonings and Spices				185	127	86	99	80		139	53	129	117	20	49	107	154	110	88		150	67	97	Huifeng Ren et al (1993) Nippon Suisan Gakkaishi 59, 11, 1929-1935
Soy sauce, dark	Japan	Seasonings and Spices				1078	184	269	414	0	0	367	227	670	378	0	116	386	630	51	370	0	453	172	521	M. Mori (2011) Doctoral dissertation of Iwate University
Soy sauce, extra grade	China　Quingdao	Seasonings and Spices				443	417	218	297	43		258	120	329	342	11	81	279	412	168	150		194	63	226	Huifeng Ren et al (1993) Nippon Suisan Gakkaishi 59, 11, 1929-1935
Soy sauce, extra grade	China　Dalian	Seasonings and Spices				707	404	210	281	45		306	118	343	324	20	91	257	414	183	117		234	102	298	Huifeng Ren et al (1993) Nippon Suisan Gakkaishi 59, 11, 1929-1935
Soy sauce, extra grade	China Fujian	Seasonings and Spices				926	485	237	358	132		391	223	565	400	6	82	261	396	89	89		444	121	341	Huifeng Ren et al (1993) Nippon Suisan Gakkaishi 59, 11, 1929-1935
Soy sauce, kanjan, Korea	Korea	Seasonings and Spices				937.85	730.15	292.1	431.56			416.72	234.79	390.54	423.57		114.91	404.81	631.31	78.11	360.02		386.19	109.27	371.32	
Soy sauce, light	Japan	Seasonings and Spices				1117	476	206	313	0	31	345	166	253	291	0	104	299	492	43	302	0	367	168	436	M. Mori (2011) Doctoral dissertation of Iwate University
Soy sauce, light (usukuchi)	Japan	Seasonings and Spices				730	480	210	300			230	170	250	280	0	80	270	430	30	270	20	330	100	370	Umami Information Center
Soy sauce, sashimi	Japan	Seasonings and Spices				1680	910	270	390			450	300	420	310	0	60	250	410	70	280	0	370	90	370	Umami Information Center
Soy sauce, tamari	Japan Mie	Seasonings and Spices				1624	874	425	638	0	0	664	360	631	552	0	113	383	489	53	398	0	614	163	260	M. Mori (2011) Doctoral dissertation of Iwate University
Soy Souce Korea	Korea	Seasonings and Spices				1264	632	255	345	0		349	278	404	299	0	43	259	453	99	156		275	136	331	Y. Yoshida (1998) Food Rev. Int.,14(2&3),213-246
Soybean powder	Japan	Pulses				35	83	0	4	0	0	0	7	250	15	16	7	0	5	21	33		57	41	231	K. Ooki et al. (2000) Kyoto Prefectural University report of art and science  Human environment science and agriculture , 52, 1-6
Soybean sprout	Japan	Vegetables				0	4.7	13.2	17.6	606	16.3	16.1	1.8	25.5	73.4	0	10.5	44.5	32.7	23	63.4	4.6	32.6	72.8	61.4	T. Kiuchi et al. (1984) Hiroshima Women's University domestic science department bulletin, 20, 65-77
Soybean, Enrei	Japan Toyama	Pulses				44.4	14.8	2.2	4.4			0	16.9	32.8	3.1	0	3.6	3.6	5.7	2.3	5.3	16.9	2.4	5.6	23.6	M. Kashima et al. (2010) Bulletin of the Food Research Institute, Toyama Prefectural Agricultural, Forestry and Fisheries Research Center 1, 13-22
Soybean, Ootsuru	Japan Toyama	Pulses				32.3	33.8	1.6	2.3			0	14.5	17.7	1.7	0	1.6	2.3	2.7	0	4.1	23.2	1.9	3.6	20.7	M. Kashima et al. (2010) Bulletin of the Food Research Institute, Toyama Prefectural Agricultural, Forestry and Fisheries Research Center 1, 13-22
Soybean, Tanbakuro	Japan Toyama	Pulses				53.9	50.7	3.4	3.2			0	13.8	15.2	2.1	0	1.6	2.9	2.3	0	1.9	20.1	2.7	6.2	98.1	M. Kashima et al. (2010) Bulletin of the Food Research Institute, Toyama Prefectural Agricultural, Forestry and Fisheries Research Center 1, 13-22
Spanish mackerel	Japan	Fishes and Shellfishes				11.4	1.8	9.3	10.2	0	0.6	0	16.2	24.7	6.3	0	4.4	2.8	7.7	4.9	4.4	0.6	38.7	168.9	6.9	T. Aoki et al. (2000) J. for the Integrated Study of Dietary Habits, 10, 4, 26-35
Spanish mackerel	China	Fishes and Shellfishes				23.5	3.8						7.5	20.4	14.8		6.5	11.4	20.5	11.2	12.9		41.9	84.5	22	
Spanish mackerel	China	Fishes and Shellfishes				27.7	24.7						8.4	22.6	17.4		7.4	14.1	24.5	13.6	15.6		45.2	84.6	27.2	
Spanish mackerel	China	Fishes and Shellfishes				38.6	26.5						10.7	28	17.8		7.6	14.6	25.6	14.3	16.9		49.8	83.8	29.6	
Spanish mackerel	China	Fishes and Shellfishes				35.9	24.7						8.9	25.3	19		8.7	15.9	28.4	15.9	18.9		51.1	80.6	32.2	
Spear squid, ink	Japan	Fishes and Shellfishes				6.2	2.3	1.7	2			4.3	2.6	8.7	1.6	0	0	1.1	2.4	1.9	0.2		1.2	0.3	2.2	H. Yamanaka et al (1998) J. of Cookery Science of Japan 31, 3, 206-213
Spear squid, raw	Japan	Fishes and Shellfishes	0.12			28.4	5.6	7.8	5	0.9	7.3	253.4	60.8	105.7	8.7	2.4	7.7	8.7	9.8	2.9	2.4		12.7	8.1	414.6	M. Asano (1982) Yokohama National University educational bulletin, 22, 75-83
Squid ink	Japan	Fishes and Shellfishes				6.3	1.6	1.7	1.4			4.5	0.5	7.3	3.2	0	0	2.4	4.5	4.5	0.5		2.2	0.3	0.5	H. Yamanaka et al (1998) J. of Cookery Science of Japan 31, 3, 206-213
Squid ink	Japan	Fishes and Shellfishes				2.9	1.2	0.9	1.3			10.6	1	6.5	1	0	0	0.5	1.5	1.8	0		0.9	0.3	0.2	H. Yamanaka et al (1998) J. of Cookery Science of Japan 31, 3, 206-213
Squid ink Sepia pharaonis	Japan	Fishes and Shellfishes	10.8			24.4	8.7	5.6	7			50	15.2	23.6	6.6	0	0	7.2	17.9	38.7	11.5		6.7	6.8	17.1	H. Yamanaka et al (1998) J. of Cookery Science of Japan 31, 3, 206-213
squid sauce	Japan	Seasonings and Spices				581	661	301	448			497	472	291	433	71	210	418		251	234		596	100	865	Ole G. Mouritsen, Lars Duelund, Ghislaine Calleja, et al. Ile=Ile+Leu
Squid, raw	Japan	Fishes and Shellfishes	0			21.1	13.2	12.5	19.1	8.5	5.9	1484.6	848.2	271.9	28.2	2.8	10.8	10.8	14.4	10.7	5.6		8.9	9.7	755.3	M. Asano (1982) Yokohama National University educational bulletin, 22, 75-83
Squid, raw	Japan	Fishes and Shellfishes	0.23			17.1	6.9	19.3	13.4	0	8.9	1462.9	231.4	254.2	5.5	4	13.4	4.6	6.4	3.8	3.5		25.5	137.6	621.3	M. Asano (1982) Yokohama National University educational bulletin, 22, 75-83
Steak Sauce	UK	Seasonings and Spices				90	74	9	10			13	2	25	6		1	4	4	3	12		5	7	18	
Stone flounder	Japan	Fishes and Shellfishes	196			7	4	6	7			2	28	19	2		1	1	3	1	1	0	5	2	2	S. Kounosu et al（1974）Bulletin of Japanese Society of Scientific Fisheries, 40, 9, 909-915
Strips of dried gourd	Japan	Vegetables		1.2		136.6	568.1	143.6	349.5	213.9	28.4	103.7	141.5	390.1	485.6		175.7	198.2	274.5	125.5	215.5	0	79	43	538.3	M. Higashiguchi et al.（2005）J. for the Integrated Study of Dietary Habits, 15, 4, 253ー260
Sweet green pepper	Japan	Vegetables				49.7	25.5	13.1	21.8	69.5	145.5	0	2.4	10	17.2			9.5	8.3	8.5	8.4		11.6	1.5	9.7	T. Suzuki et al. (1976) Food Research Institute Report, 31, 42-70
Sweet potato, Beniotome	Japan	Potatoes and Starches				41	43	18	12				1	6	6		2	4	6	4	10	1	4	2	4	K. Takamine et al. (2000) Kagoshima-ken industrial technologies center research report 14, 25－30
Sweet potato, Kogane sengan	Japan	Potatoes and Starches				48	50	12	16				0.9	6	3		1	2	2.5	1	6	1	3	2	3	K. Takamine et al. (2000) Kagoshima-ken industrial technologies center research report 14, 25－30
Sweet potato, Shiroyutaka	Japan	Potatoes and Starches				46	32	12	7				0.7	3	3		1	2	2.5	1	8	1	3	1	2	K. Takamine et al. (2000) Kagoshima-ken industrial technologies center research report 14, 25－30
Sweetfish	Japan	Fishes and Shellfishes				10.8	1	8.1	5.1	0	5.9	7.5	20.6	22.6	3.3	0.7	1.9	19.2	3.7	1.7	2.2	0	16.1	36.1	4.3	T. Aoki et al. (2000) J. for the Integrated Study of Dietary Habits, 10, 4, 26-35
Sword fish	Japan Ehime	Fishes and Shellfishes				8	0	2	2			1	6	16	6	0	1	3	5	0	1		61	3	0	Y. Hiraoka et al. (2011)  Ehime Prefecture Industrial Technology Institute Research Report 49, 19－22
Tamarillo	Peru	Fruits				474	57	2	3	120	140	77	0	3	1	0	2	1	2	3	0	0	8	20	4	
Tamarillo	Peru	Fruits				1260	82	3	4	0	70	40	2	9	3	0	5	3	5	6	3	2	14	26	8	
Tempeh	Indonesia	Seasonings and Spices				223.9	89.8	68.3	74.7	0		92.3	63.9	157.7	93.6	18.8	26.1	86.6	138.8	62	98.7		148.6	52	17.2	T. Sumino (2014) J. of Cookery Science of Japan 47, 3, 183-186
TERASI BONANG	Indonesia	Seasonings and Spices				357.29	162.87	129.53	99.39	0	0	104.36	75.12	275.36	176.87	27.49	20.76	123.42	231.48	131.93	90.13		209.57	12.11	58.01	
Threeline grunt	Japan	Fishes and Shellfishes				12.1	0.5	4	4.4	9.2	2.2	0	15.7	23.4	2.6	0	2.2	2	3.7	2.4	2.1	0.5	30.2	2	6	T. Aoki et al. (2000) J. for the Integrated Study of Dietary Habits, 10, 4, 26-35
Tomato	Japan	Vegetables	0	0		187	23	2	3			4	0	6	0	0	0	0	1	0	3	0	4	3	2	うま味インフォメーション調べ
Tomato	Spain	Vegetables				296	76	4	4			13	0	7	0	0	0	2	2	2	8	3	4	7	2	
Tomato	Japan Shizuoka	Vegetables				274.1																				
Tomato juice	Japan	Vegetables				189.4	57.3	8.1	9.2	32.8	136.2		1.4	8.1	2.3			3.2	3	4.6	12.3		6.3	5.7	9	T. Suzuki et al. (1976) Food Research Institute Report, 31, 42-70
Tomato ketchup	Japan	Seasonings and Spices	0	0		249	122	14	15	66	0	2	3	46	4	0	2	5	5	4	17	1	9	8	11	source:Umami Information Center
Tomato ketchup	USA	Seasonings and Spices	0	0		212	111	8	7	41	0	4	1	19	2	0	0	6	4	2	12	0	6	7	8	source:Umami Information Center
Tomato paste	Turkey	Seasonings and Spices				765	387	41	48	183	0	5	11	121	14	0	6	16	18	15	58	11	30	27	36	
Tomato, cherry tomato Aiko	Japan Tokyo	Vegetables		0		278	51	3	6	10	32	2	1	11	2	0	1	2	4	3	12	2	5	4	4	source:Umami Information Center
Tomato, green	Japan	Vegetables				26.4	25	13	14	41	179										25					
Tomato, green	Japan	Vegetables				16.5	29	11	17.9	31.9	129.1										15.5					
Tomato, pink	Japan	Vegetables				253.1	50.6	15.5	12.3	47.9	216.9										0					
Tomato, red	Japan	Vegetables				323.6	61	8.9	11	36.8	130.4										0					
Tomato, Tokimeki No.2 Light red	Japan	Vegetables				135.5	31.9	13.6	20.3	38	157.5										9					
Tomato, Tokimeki No.2 Red	Japan	Vegetables				246.9	40.8	10.2	14.2	32.1	113										8.5					
Tomato, Tokimeki No.2, Green	Japan	Vegetables				17.9	13.8	13.4	10.2	40	188.8										11.8					
Tomato, Tokimeki No.2, Green	Japan	Vegetables				13.2	20.9	11.5	22	28.6	128										11					
Tomato, Tokimeki No.2, Pink	Japan	Vegetables				93	22.1	8.4	13.4	30	109.3										7.6					
Tucupi (sauce)	Peru	Seasonings and Spices				159	255	20	27			20	10	61	18	0	8	7	21	25	21	0	16	14	80	Umami Information Center
Tucupi (scratch)	Peru	Seasonings and Spices				246	337	25	41		0	21	12	50	17	0	9	5	18	33	22	9	23	24	132	Umami Information Center
Tuna Chu-toro, Bigeye tuna, medium fatty	Indian Ocean	Fishes and Shellfishes	315			2	0	2	2			2	6	8	7		4	3	6	4	3		8	511	1	T. Kouriyama et al.(2000) Nippon Suisan gakkaishi 66, 3, 462-468
Tuna Oh-toro, Bigeye tuna, fattiest part	India Ocean	Fishes and Shellfishes	361			2	0	2	2			2	5	7	7		4	3	5	4	3		7	450	1	T. Kouriyama et al.(2000) Nippon Suisan gakkaishi 66, 3, 462-468
Tuna, Akami, Bigeye tuna, red meat	Indian Ocean	Fishes and Shellfishes	363			1	0	3	2			1	6	11	6		2	3	6	3	2		4	231		T. Kouriyama et al.(2000) Nippon Suisan gakkaishi 66, 3, 462-468
Udo	Japan	Vegetables				238	6.4	24.3	3.2	142	0	6.8	0.5	1.2	10.8	0	4.2	10.2	7.6	13.4	4.6	13.8	4.7	18.9	9.4	T. Kiuchi et al. (1984) Hiroshima Women's University domestic science department bulletin, 20, 65-77
Wakame, fresh	Japan	Algae				8.62	0.52	8.67	6.2			15	43.68	59.2	01.07	0.46	0.16	01.08	1.89	1	0.88	0.56	3.32	0.2	3.5	K. Ninomiya (1998) Food Rev.Int.,14(2&3),177-211
Wasabi, powder	Japan	Seasonings and Spices				165.7	35	51.4	45.6	42.8	84.7	333.7	3.4	91.1	37.2			21.6	17.6	8.3	16.2		9.8	6.7	362.2	T. Suzuki et al. (1976) Food Research Institute Report, 31, 42-70
Wasabi/Japanese horseradish	Japan	Vegetables				23.9	11.4	46.3	19	21.7	20.7	28.7	13.1	103.5	35.3			21.6	21.4	19.2	14		8.1	1.8	63.9	T. Suzuki et al. (1976) Food Research Institute Report, 31, 42-70
Water melon	Japan	Fruits				375.7	29.3	9.3	10.3	4			1.7	4.4	16			23.4	2.5	0	44.5		2.3	5.9	67.5	T. Suzuki et al. (1976) Food Research Institute Report, 31, 42-70
Welsh onion	Japan	Vegetables				48.5	23.1	7.3	35	41	106.9	0	2.1	53.5	15.3			4.3	9.3	11	18.7		7.5	2.4	21.4	T. Suzuki et al. (1976) Food Research Institute Report, 31, 42-70
White asparagus	Japan	Vegetables				36	10	13	30	0	0	142	15	64	21	3	2	5	11	4	7	2	9	9	59	K. Ninomiya (1998) Food Rev.Int.,14(2&3),177-211
White sesame seed, washed	China	Nuts and Seeds				5.64	4.15	01.07	0.27			0.04	1.33	04.06	0.85		0.17	0.99	0.91	1.43	1.68		1.54	0.5	0.36	T. Takeda et al (1997) J. of Home Economics of Japan 48,2,137-143
White shrimp	Japan	Fishes and Shellfishes	0			20	2		21			169	368	73	19		12	12	19	20	8		22	68	439	K. Ninomiya (1998) Food Rev.Int.,14(2&3),177-211
Wild boar, boned rib, hunt in winter	Japan　Tottori	Meats				17		0	2	0		0.47	4.7	11	1.9		0	1.3	2.2	0	0		3	0	17	Y. Fujimitu et al. (2016) Tottori-ken industrial technology center research report 19, 9-14
Wild boar, loin, hunt in winter	Japan　Tottori	Meats				19		0	1.6	0		4.2	4	11	1.5		0	1.6	2.8	0	0		3.1	0	27	Y. Fujimitu et al. (2016) Tottori-ken industrial technology center research report 19, 9-14
Wild boar, thigh, hunt in winter	Japan　Tottori	Meats				67		3.7	6.1	7.3		0.59	13	37	4.2		1	3.7	6.2	3.4	4.2		6	2.3	52	Y. Fujimitu et al. (2016) Tottori-ken industrial technology center research report 19, 9-14
Worcestershire sauce	UK	Seasonings and Spices				34	43	16	15			19	13	29	24		10	20	33	13	14		30	13	25	Umami Information Center
Worcetershire sauce	UK	Seasonings and Spices				34	43	16	15			19	13	29	24		10	20	33	13	14		30	13	25	
Yam, nagaimo	Japan  Aomori	Potatoes and Starches				24	8	20	86			2	18	52	16	0	4	10	9	2	9	5	9	9	125	Umami Information Center
Yam, yamatoimo	Japan Gunma	Potatoes and Starches				9	4	15	43			4	4	14	7	0	2	8	11	3	7	4	14	10	382	Umami Information Center
yellowfin	Japan	Fishes and Shellfishes	150			1	0	4	3			3	7	12	6		2	4	6	3	1		6	248	0	
Yellowfin, bloody or dark part	Japan Ehime	Fishes and Shellfishes				13	3	6	9			4	14	46	7	0	2	4	7	5	5		9	346	1	Y. Hiraoka et al. (2011)  Ehime Prefecture Industrial Technology Institute Research Report 49, 19－22
Yellowfin, normal part	Japan Ehime	Fishes and Shellfishes				6	2	4	4			2	5	14	5	0	4	2	4	4	4		5	738	2	Y. Hiraoka et al. (2011)  Ehime Prefecture Industrial Technology Institute Research Report 49, 19－22
Yellowtail, fishing in December	Japan	Fishes and Shellfishes				8.9	1.5	1.4	1.7	0	3.7	0	2.7	22.5	1.6	0	0.8	1.1	2	1.2	1.8	1.2	49.2	842.6	2.4	T. Aoki et al. (2000) J. for the Integrated Study of Dietary Habits, 10, 4, 26-35
Yellowtail, fishing in March	Japan	Fishes and Shellfishes				9.4	0	3.4	4.3	14.9	7.5	0	5	25.1	3	1.3	2.4	2.6	5.5	3.8	2.7	1.6	29.8	883.1	7.3	T. Aoki et al. (2000) J. for the Integrated Study of Dietary Habits, 10, 4, 26-35
Yuzu kosho	Japan	Seasonings and Spices				11	14	6	14		32	16	2	9	5	0	0	3	4	3	3	0	5	2	5	
Yuzu, juice	Japan Toyama	Vegetables				49	91.1	2.3	27.8			70.8	1.9	25.3	3.6	0	0	0.8	0.8	0	1.4	0	1	0	12.3	M. Kashima et al. (2010) Bulletin of the Food Research Institute, Toyama Prefectural Agricultural, Forestry and Fisheries Research Center 1, 13-22
Yuzu, skin	Japan Toyama	Fruits				21.7	21.4	1.6	10.8			76.5	0.9	11.4	0.7	0	0	0.3	0	0	0.4	0	0.2	0	4.1	M. Kashima et al. (2010) Bulletin of the Food Research Institute, Toyama Prefectural Agricultural, Forestry and Fisheries Research Center 1, 13-22
Zucchini	Japan	Vegetables				20	34	10	28	47	107	1	2	6	10	0	5	7	5	12	11	4	8	9	36	Umami Information Center